sg_distribution,sg_cardinality,sg_rule,best_rule,best_rule_idx,f1,precision,recall,seed
normal,207,sha256 = 1 AND Dist = 1 AND BlockSize = 1,sha256 >= 1.0  AND  BlockSize >= 1.0  AND  Dist >= 1.0  AND  0.0 <= Lc1Lp0 < 1.0,0.0,0.9752475247524752,1.0,0.9516908212560388,0
uniform,203,sha256 = 1 AND Dict = 1 AND BlockSize = 1,sha256 >= 1.0  AND  Dict >= 1.0  AND  BlockSize >= 1.0,0.0,1.0,1.0,1.0,0
bi_modal_split,261,bt4 = 1 AND Dict = 1 AND BlockSize = 1,bt4 >= 1.0  AND  Dict >= 1.0  AND  BlockSize >= 1.0,0.0,1.0,1.0,1.0,0
tri_modal_split,225,Depth = 1 AND Dict = 1 AND PositionBits = 1,PositionBits >= 1.0  AND  Depth >= 1.0  AND  Dict >= 1.0,0.0,1.0,1.0,1.0,0
power_law,0,crc32 = 1 AND Dict = 1 AND Dist = 1,,,0.0,0.0,0.0,0
normal,242,MemoryLimit = 1 AND Depth = 1 AND PositionBits = 1,PositionBits >= 1.0  AND  MemoryLimit >= 1.0  AND  Depth >= 1.0,0.0,1.0,1.0,1.0,10
uniform,242,MemoryLimit = 1 AND Depth = 1 AND PositionBits = 1,PositionBits >= 1.0  AND  MemoryLimit >= 1.0  AND  Depth >= 1.0,0.0,1.0,1.0,1.0,10
bi_modal_split,242,MemoryLimit = 1 AND Depth = 1 AND PositionBits = 1,PositionBits >= 1.0  AND  MemoryLimit >= 1.0  AND  Depth >= 1.0,0.0,1.0,1.0,1.0,10
tri_modal_split,242,MemoryLimit = 1 AND Depth = 1 AND PositionBits = 1,0.0 <= Lc1Lp1 < 1.0  AND  PositionBits >= 1.0  AND  Depth >= 1.0  AND  MemoryLimit >= 1.0,0.0,0.9546436285097192,1.0,0.9132231404958676,10
power_law,242,MemoryLimit = 1 AND Depth = 1 AND PositionBits = 1,PositionBits >= 1.0  AND  Nice >= 1.0  AND  hc3 >= 1.0  AND  0.0 <= Lc2Lp2 < 1.0,0.0,0.3548387096774193,0.8088235294117647,0.2272727272727272,10
normal,246,bt4 = 1 AND Nice = 1 AND BlockSize = 1,bt4 >= 1.0  AND  Nice >= 1.0  AND  BlockSize >= 1.0  AND  0.0 <= sha256 < 1.0,0.0,0.8058252427184466,1.0,0.6747967479674797,11
uniform,246,bt4 = 1 AND Nice = 1 AND BlockSize = 1,bt4 >= 1.0  AND  Nice >= 1.0  AND  BlockSize >= 1.0  AND  0.0 <= none < 1.0,0.0,0.8741418764302059,1.0,0.7764227642276422,11
bi_modal_split,246,bt4 = 1 AND Nice = 1 AND BlockSize = 1,bt4 >= 1.0  AND  Nice >= 1.0  AND  BlockSize >= 1.0,0.0,1.0,1.0,1.0,11
tri_modal_split,0,bt4 = 1 AND Nice = 1 AND BlockSize = 1,,,0.0,0.0,0.0,11
power_law,246,bt4 = 1 AND Nice = 1 AND BlockSize = 1,bt4 >= 1.0  AND  Nice >= 1.0  AND  0.0 <= Lc0Lp1 < 1.0  AND  BlockSize >= 1.0,0.0,0.8918918918918919,1.0,0.8048780487804879,11
normal,352,Depth = 1 AND BlockSize = 1 AND FlushTimeout = 1,FlushTimeout >= 1.0  AND  Depth >= 1.0  AND  BlockSize >= 1.0  AND  0.0 <= Lc4Lp0 < 1.0,0.0,0.9554896142433236,1.0,0.9147727272727272,12
uniform,352,Depth = 1 AND BlockSize = 1 AND FlushTimeout = 1,FlushTimeout >= 1.0  AND  BlockSize >= 1.0  AND  Depth >= 1.0,0.0,1.0,1.0,1.0,12
bi_modal_split,352,Depth = 1 AND BlockSize = 1 AND FlushTimeout = 1,FlushTimeout >= 1.0  AND  Depth >= 1.0  AND  BlockSize >= 1.0  AND  Dict >= 1.0,0.0,0.9722627737226276,1.0,0.9460227272727272,12
tri_modal_split,352,Depth = 1 AND BlockSize = 1 AND FlushTimeout = 1,0.0 <= Lc1Lp3 < 1.0  AND  FlushTimeout >= 1.0  AND  BlockSize >= 1.0  AND  Depth >= 1.0,0.0,0.9782293178519592,1.0,0.9573863636363636,12
power_law,352,Depth = 1 AND BlockSize = 1 AND FlushTimeout = 1,FlushTimeout >= 1.0  AND  Depth >= 1.0  AND  BlockSize >= 1.0  AND  0.0 <= none < 1.0,0.0,0.8496732026143791,1.0,0.7386363636363636,12
normal,205,none = 1 AND Dict = 1 AND BlockSize = 1,none >= 1.0  AND  Dict >= 1.0  AND  BlockSize >= 1.0  AND  0.0 <= Lc1Lp0 < 1.0,0.0,0.9646464646464648,1.0,0.9317073170731708,13
uniform,205,none = 1 AND Dict = 1 AND BlockSize = 1,none >= 1.0  AND  Dict >= 1.0  AND  0.0 <= hc3 < 1.0  AND  BlockSize >= 1.0,0.0,0.8115942028985507,1.0,0.6829268292682927,13
bi_modal_split,205,none = 1 AND Dict = 1 AND BlockSize = 1,none >= 1.0  AND  Dict >= 1.0  AND  BlockSize >= 1.0,0.0,1.0,1.0,1.0,13
tri_modal_split,205,none = 1 AND Dict = 1 AND BlockSize = 1,none >= 1.0  AND  Dict >= 1.0  AND  BlockSize >= 1.0,0.0,1.0,1.0,1.0,13
power_law,205,none = 1 AND Dict = 1 AND BlockSize = 1,none >= 1.0  AND  Dict >= 1.0  AND  BlockSize >= 1.0,0.0,1.0,1.0,1.0,13
normal,386,Depth = 1 AND Dict = 1 AND Multithreading = 1,0.0 <= bt3 < 1.0  AND  Multithreading >= 1.0  AND  Dict >= 1.0  AND  Depth >= 1.0,0.0,0.9292649098474342,1.0,0.8678756476683938,14
uniform,386,Depth = 1 AND Dict = 1 AND Multithreading = 1,Dict >= 1.0  AND  Multithreading >= 1.0  AND  Depth >= 1.0,0.0,1.0,1.0,1.0,14
bi_modal_split,386,Depth = 1 AND Dict = 1 AND Multithreading = 1,Depth >= 1.0  AND  Multithreading >= 1.0  AND  Dict >= 1.0,0.0,1.0,1.0,1.0,14
tri_modal_split,386,Depth = 1 AND Dict = 1 AND Multithreading = 1,Depth >= 1.0  AND  Dict >= 1.0  AND  Multithreading >= 1.0,0.0,1.0,1.0,1.0,14
power_law,386,Depth = 1 AND Dict = 1 AND Multithreading = 1,0.0 <= crc32 < 1.0  AND  Depth >= 1.0  AND  Multithreading >= 1.0  AND  0.0 <= hc4 < 1.0,0.0,0.7125748502994012,0.8439716312056738,0.616580310880829,14
normal,256,crc32 = 1 AND Nice = 1 AND Depth = 1,crc32 >= 1.0  AND  Depth >= 1.0  AND  Nice >= 1.0,0.0,1.0,1.0,1.0,15
uniform,256,crc32 = 1 AND Nice = 1 AND Depth = 1,crc32 >= 1.0  AND  Depth >= 1.0  AND  Nice >= 1.0,0.0,1.0,1.0,1.0,15
bi_modal_split,256,crc32 = 1 AND Nice = 1 AND Depth = 1,crc32 >= 1.0  AND  Nice >= 1.0  AND  Depth >= 1.0,0.0,1.0,1.0,1.0,15
tri_modal_split,256,crc32 = 1 AND Nice = 1 AND Depth = 1,crc32 >= 1.0  AND  Depth >= 1.0  AND  Nice >= 1.0,0.0,1.0,1.0,1.0,15
power_law,256,crc32 = 1 AND Nice = 1 AND Depth = 1,crc32 >= 1.0  AND  Nice >= 1.0  AND  Depth >= 1.0  AND  0.0 <= hc3 < 1.0,0.0,0.8869565217391304,1.0,0.796875,15
normal,214,hc3 = 1 AND Depth = 1 AND Dict = 1,hc3 >= 1.0  AND  Depth >= 1.0  AND  Dict >= 1.0,0.0,1.0,1.0,1.0,16
uniform,214,hc3 = 1 AND Depth = 1 AND Dict = 1,hc3 >= 1.0  AND  Dict >= 1.0  AND  Depth >= 1.0,0.0,1.0,1.0,1.0,16
bi_modal_split,214,hc3 = 1 AND Depth = 1 AND Dict = 1,hc3 >= 1.0  AND  Depth >= 1.0  AND  Dict >= 1.0,0.0,1.0,1.0,1.0,16
tri_modal_split,0,hc3 = 1 AND Depth = 1 AND Dict = 1,,,0.0,0.0,0.0,16
power_law,0,hc3 = 1 AND Depth = 1 AND Dict = 1,,,0.0,0.0,0.0,16
normal,212,hc3 = 1 AND Depth = 1 AND BlockSize = 1,hc3 >= 1.0  AND  Depth >= 1.0  AND  BlockSize >= 1.0  AND  0.0 <= Lc1Lp3 < 1.0,0.0,0.9607843137254902,1.0,0.9245283018867924,17
uniform,212,hc3 = 1 AND Depth = 1 AND BlockSize = 1,hc3 >= 1.0  AND  Depth >= 1.0  AND  BlockSize >= 1.0,0.0,1.0,1.0,1.0,17
bi_modal_split,212,hc3 = 1 AND Depth = 1 AND BlockSize = 1,hc3 >= 1.0  AND  Depth >= 1.0  AND  BlockSize >= 1.0,0.0,1.0,1.0,1.0,17
tri_modal_split,212,hc3 = 1 AND Depth = 1 AND BlockSize = 1,hc3 >= 1.0  AND  BlockSize >= 1.0  AND  Depth >= 1.0,0.0,1.0,1.0,1.0,17
power_law,212,hc3 = 1 AND Depth = 1 AND BlockSize = 1,0.0 <= crc32 < 1.0  AND  hc3 >= 1.0  AND  Depth >= 1.0  AND  BlockSize >= 1.0,0.0,0.8571428571428571,1.0,0.75,17
normal,201,sha256 = 1 AND Depth = 1 AND BlockSize = 1,sha256 >= 1.0  AND  BlockSize >= 1.0  AND  Depth >= 1.0,0.0,1.0,1.0,1.0,18
uniform,201,sha256 = 1 AND Depth = 1 AND BlockSize = 1,sha256 >= 1.0  AND  Depth >= 1.0  AND  BlockSize >= 1.0,0.0,1.0,1.0,1.0,18
bi_modal_split,201,sha256 = 1 AND Depth = 1 AND BlockSize = 1,sha256 >= 1.0  AND  Depth >= 1.0  AND  BlockSize >= 1.0,0.0,1.0,1.0,1.0,18
tri_modal_split,201,sha256 = 1 AND Depth = 1 AND BlockSize = 1,sha256 >= 1.0  AND  Depth >= 1.0  AND  BlockSize >= 1.0,0.0,1.0,1.0,1.0,18
power_law,201,sha256 = 1 AND Depth = 1 AND BlockSize = 1,sha256 >= 1.0  AND  Depth >= 1.0  AND  0.0 <= Lc3Lp0 < 1.0  AND  0.0 <= Lc4Lp0 < 1.0,0.0,0.8962025316455695,0.9123711340206184,0.8805970149253731,18
normal,229,crc32 = 1 AND MemoryLimit = 1 AND BlockSize = 1,crc32 >= 1.0  AND  MemoryLimit >= 1.0  AND  0.0 <= hc3 < 1.0  AND  BlockSize >= 1.0,0.0,0.8774509803921569,1.0,0.7816593886462883,19
uniform,229,crc32 = 1 AND MemoryLimit = 1 AND BlockSize = 1,crc32 >= 1.0  AND  0.0 <= Lc1Lp3 < 1.0  AND  MemoryLimit >= 1.0  AND  BlockSize >= 1.0,0.0,0.9348837209302324,1.0,0.8777292576419214,19
bi_modal_split,229,crc32 = 1 AND MemoryLimit = 1 AND BlockSize = 1,crc32 >= 1.0  AND  MemoryLimit >= 1.0  AND  BlockSize >= 1.0,0.0,1.0,1.0,1.0,19
tri_modal_split,229,crc32 = 1 AND MemoryLimit = 1 AND BlockSize = 1,crc32 >= 1.0  AND  MemoryLimit >= 1.0  AND  Dist >= 1.0  AND  BlockSize >= 1.0,0.0,0.8635235732009926,1.0,0.759825327510917,19
power_law,229,crc32 = 1 AND MemoryLimit = 1 AND BlockSize = 1,crc32 >= 1.0  AND  MemoryLimit >= 1.0  AND  BlockSize >= 1.0,0.0,1.0,1.0,1.0,19
normal,216,crc32 = 1 AND MemoryLimit = 1 AND Dist = 1,crc32 >= 1.0  AND  MemoryLimit >= 1.0  AND  Dist >= 1.0,0.0,1.0,1.0,1.0,1
uniform,216,crc32 = 1 AND MemoryLimit = 1 AND Dist = 1,MemoryLimit >= 1.0  AND  Dist >= 1.0  AND  crc32 >= 1.0,0.0,1.0,1.0,1.0,1
bi_modal_split,0,crc32 = 1 AND MemoryLimit = 1 AND Dist = 1,,,0.0,0.0,0.0,1
tri_modal_split,216,crc32 = 1 AND MemoryLimit = 1 AND Dist = 1,crc32 >= 1.0  AND  MemoryLimit >= 1.0  AND  0.0 <= bt2 < 1.0  AND  Dist >= 1.0,0.0,0.9489051094890512,1.0,0.9027777777777778,1
power_law,216,crc32 = 1 AND MemoryLimit = 1 AND Dist = 1,crc32 >= 1.0  AND  MemoryLimit >= 1.0  AND  Dist >= 1.0,0.0,1.0,1.0,1.0,1
normal,229,MemoryLimit = 1 AND Nice = 1 AND PositionBits = 1,PositionBits >= 1.0  AND  MemoryLimit >= 1.0  AND  Nice >= 1.0,0.0,1.0,1.0,1.0,20
uniform,229,MemoryLimit = 1 AND Nice = 1 AND PositionBits = 1,MemoryLimit >= 1.0  AND  Nice >= 1.0  AND  PositionBits >= 1.0,0.0,1.0,1.0,1.0,20
bi_modal_split,229,MemoryLimit = 1 AND Nice = 1 AND PositionBits = 1,PositionBits >= 1.0  AND  MemoryLimit >= 1.0  AND  Nice >= 1.0,0.0,1.0,1.0,1.0,20
tri_modal_split,229,MemoryLimit = 1 AND Nice = 1 AND PositionBits = 1,PositionBits >= 1.0  AND  MemoryLimit >= 1.0  AND  Nice >= 1.0,0.0,1.0,1.0,1.0,20
power_law,229,MemoryLimit = 1 AND Nice = 1 AND PositionBits = 1,PositionBits >= 1.0  AND  MemoryLimit >= 1.0  AND  Nice >= 1.0,2.0,1.0,1.0,1.0,20
normal,240,bt4 = 1 AND Dict = 1 AND Dist = 1,bt4 >= 1.0  AND  Dict >= 1.0  AND  Dist >= 1.0,0.0,1.0,1.0,1.0,21
uniform,240,bt4 = 1 AND Dict = 1 AND Dist = 1,bt4 >= 1.0  AND  0.0 <= Lc1Lp1 < 1.0  AND  Dict >= 1.0  AND  Dist >= 1.0,0.0,0.9655172413793104,1.0,0.9333333333333332,21
bi_modal_split,240,bt4 = 1 AND Dict = 1 AND Dist = 1,bt4 >= 1.0  AND  Dict >= 1.0,0.0,0.8727272727272727,0.7741935483870968,1.0,21
tri_modal_split,240,bt4 = 1 AND Dict = 1 AND Dist = 1,bt4 >= 1.0  AND  Dict >= 1.0  AND  Dist >= 1.0,0.0,1.0,1.0,1.0,21
power_law,240,bt4 = 1 AND Dict = 1 AND Dist = 1,bt4 >= 1.0  AND  Dict >= 1.0  AND  Dist >= 1.0,0.0,1.0,1.0,1.0,21
normal,269,Dict = 1 AND BlockSize = 1 AND PositionBits = 1,PositionBits >= 1.0  AND  Dict >= 1.0  AND  BlockSize >= 1.0  AND  0.0 <= bt2 < 1.0,0.0,0.9653846153846154,1.0,0.933085501858736,22
uniform,269,Dict = 1 AND BlockSize = 1 AND PositionBits = 1,PositionBits >= 1.0  AND  Dict >= 1.0  AND  BlockSize >= 1.0,0.0,1.0,1.0,1.0,22
bi_modal_split,269,Dict = 1 AND BlockSize = 1 AND PositionBits = 1,BlockSize >= 1.0  AND  PositionBits >= 1.0  AND  Dict >= 1.0  AND  0.0 <= hc3 < 1.0,0.0,0.84796573875803,1.0,0.7360594795539034,22
tri_modal_split,269,Dict = 1 AND BlockSize = 1 AND PositionBits = 1,PositionBits >= 1.0  AND  Dict >= 1.0  AND  BlockSize >= 1.0,0.0,1.0,1.0,1.0,22
power_law,269,Dict = 1 AND BlockSize = 1 AND PositionBits = 1,PositionBits >= 1.0  AND  Dict >= 1.0  AND  0.0 <= Lc0Lp4 < 1.0  AND  0.0 <= Lc1Lp1 < 1.0,1.0,0.8508287292817681,0.843065693430657,0.8587360594795539,22
normal,209,hc3 = 1 AND Depth = 1 AND Dist = 1,hc3 >= 1.0  AND  Dist >= 1.0  AND  Depth >= 1.0,0.0,1.0,1.0,1.0,23
uniform,209,hc3 = 1 AND Depth = 1 AND Dist = 1,hc3 >= 1.0  AND  Depth >= 1.0  AND  Dist >= 1.0,0.0,1.0,1.0,1.0,23
bi_modal_split,209,hc3 = 1 AND Depth = 1 AND Dist = 1,hc3 >= 1.0  AND  Dist >= 1.0  AND  Depth >= 1.0,0.0,1.0,1.0,1.0,23
tri_modal_split,209,hc3 = 1 AND Depth = 1 AND Dist = 1,hc3 >= 1.0  AND  Depth >= 1.0  AND  Dist >= 1.0,0.0,1.0,1.0,1.0,23
power_law,209,hc3 = 1 AND Depth = 1 AND Dist = 1,hc3 >= 1.0  AND  Depth >= 1.0  AND  0.0 <= Lc1Lp3 < 1.0  AND  BlockSize >= 1.0,0.0,0.8839506172839505,0.9132653061224488,0.8564593301435407,23
normal,201,none = 1 AND Nice = 1 AND Dict = 1,none >= 1.0  AND  Nice >= 1.0  AND  Dict >= 1.0,0.0,1.0,1.0,1.0,24
uniform,201,none = 1 AND Nice = 1 AND Dict = 1,none >= 1.0  AND  Nice >= 1.0  AND  Dict >= 1.0,0.0,1.0,1.0,1.0,24
bi_modal_split,201,none = 1 AND Nice = 1 AND Dict = 1,none >= 1.0  AND  Nice >= 1.0  AND  Dict >= 1.0,0.0,1.0,1.0,1.0,24
tri_modal_split,201,none = 1 AND Nice = 1 AND Dict = 1,none >= 1.0  AND  Nice >= 1.0  AND  Dict >= 1.0,0.0,1.0,1.0,1.0,24
power_law,201,none = 1 AND Nice = 1 AND Dict = 1,none >= 1.0  AND  Nice >= 1.0  AND  0.0 <= Lc0Lp4 < 1.0  AND  0.0 <= PositionBits < 1.0,0.0,0.7814207650273224,0.8666666666666667,0.7114427860696517,24
normal,353,Nice = 1 AND Dist = 1 AND FlushTimeout = 1,FlushTimeout >= 1.0  AND  Nice >= 1.0  AND  0.0 <= bt3 < 1.0  AND  Dist >= 1.0,0.0,0.946268656716418,1.0,0.8980169971671388,25
uniform,353,Nice = 1 AND Dist = 1 AND FlushTimeout = 1,Nice >= 1.0  AND  Dist >= 1.0  AND  FlushTimeout >= 1.0,0.0,1.0,1.0,1.0,25
bi_modal_split,353,Nice = 1 AND Dist = 1 AND FlushTimeout = 1,FlushTimeout >= 1.0  AND  Dist >= 1.0  AND  Nice >= 1.0,0.0,1.0,1.0,1.0,25
tri_modal_split,353,Nice = 1 AND Dist = 1 AND FlushTimeout = 1,FlushTimeout >= 1.0  AND  Nice >= 1.0  AND  Dist >= 1.0,0.0,1.0,1.0,1.0,25
power_law,353,Nice = 1 AND Dist = 1 AND FlushTimeout = 1,FlushTimeout >= 1.0  AND  Depth >= 1.0  AND  Dist >= 1.0  AND  Nice >= 1.0,0.0,0.9121725731895224,1.0,0.8385269121813032,25
normal,240,crc32 = 1 AND Dict = 1 AND Dist = 1,crc32 >= 1.0  AND  Dict >= 1.0  AND  Dist >= 1.0,0.0,1.0,1.0,1.0,26
uniform,240,crc32 = 1 AND Dict = 1 AND Dist = 1,crc32 >= 1.0  AND  Dict >= 1.0  AND  Dist >= 1.0,0.0,1.0,1.0,1.0,26
bi_modal_split,240,crc32 = 1 AND Dict = 1 AND Dist = 1,crc32 >= 1.0  AND  Dict >= 1.0  AND  Dist >= 1.0,0.0,1.0,1.0,1.0,26
tri_modal_split,240,crc32 = 1 AND Dict = 1 AND Dist = 1,crc32 >= 1.0  AND  Dist >= 1.0  AND  Dict >= 1.0,0.0,1.0,1.0,1.0,26
power_law,240,crc32 = 1 AND Dict = 1 AND Dist = 1,crc32 >= 1.0  AND  Lc2Lp2 >= 1.0,0.0,0.0933333333333333,0.2333333333333333,0.0583333333333333,26
normal,365,Nice = 1 AND Dict = 1 AND FlushTimeout = 1,0.0 <= bt3 < 1.0  AND  FlushTimeout >= 1.0  AND  Dict >= 1.0  AND  Nice >= 1.0,0.0,0.9556509298998568,1.0,0.915068493150685,27
uniform,365,Nice = 1 AND Dict = 1 AND FlushTimeout = 1,Nice >= 1.0  AND  Dict >= 1.0  AND  FlushTimeout >= 1.0  AND  0.0 <= bt3 < 1.0,0.0,0.9556509298998568,1.0,0.915068493150685,27
bi_modal_split,365,Nice = 1 AND Dict = 1 AND FlushTimeout = 1,FlushTimeout >= 1.0  AND  Nice >= 1.0  AND  0.0 <= Lc3Lp0 < 1.0  AND  0.0 <= Lc1Lp1 < 1.0,1.0,0.9009762900976288,0.9176136363636364,0.8849315068493151,27
tri_modal_split,365,Nice = 1 AND Dict = 1 AND FlushTimeout = 1,FlushTimeout >= 1.0  AND  Dict >= 1.0  AND  Nice >= 1.0  AND  0.0 <= hc4 < 1.0,0.0,0.9120715350223548,1.0,0.8383561643835616,27
power_law,365,Nice = 1 AND Dict = 1 AND FlushTimeout = 1,0.0 <= none < 1.0  AND  FlushTimeout >= 1.0  AND  Nice >= 1.0  AND  Depth >= 1.0,0.0,0.759075907590759,0.9543568464730292,0.6301369863013698,27
normal,389,MemoryLimit = 1 AND Dist = 1 AND Multithreading = 1,MemoryLimit >= 1.0  AND  Dist >= 1.0  AND  Multithreading >= 1.0,0.0,1.0,1.0,1.0,28
uniform,389,MemoryLimit = 1 AND Dist = 1 AND Multithreading = 1,Dist >= 1.0  AND  Multithreading >= 1.0  AND  MemoryLimit >= 1.0,0.0,1.0,1.0,1.0,28
bi_modal_split,389,MemoryLimit = 1 AND Dist = 1 AND Multithreading = 1,Dist >= 1.0  AND  Multithreading >= 1.0  AND  MemoryLimit >= 1.0  AND  0.0 <= sha256 < 1.0,1.0,0.8642335766423358,1.0,0.7609254498714653,28
tri_modal_split,389,MemoryLimit = 1 AND Dist = 1 AND Multithreading = 1,Dist >= 1.0  AND  Multithreading >= 1.0  AND  MemoryLimit >= 1.0  AND  0.0 <= bt2 < 1.0,0.0,0.9414965986394558,1.0,0.8894601542416453,28
power_law,389,MemoryLimit = 1 AND Dist = 1 AND Multithreading = 1,MemoryLimit >= 1.0  AND  Multithreading >= 1.0  AND  Dist >= 1.0  AND  0.0 <= Lc1Lp1 < 1.0,0.0,0.9695364238410596,1.0,0.9408740359897172,28
normal,261,bt4 = 1 AND Dict = 1 AND BlockSize = 1,BlockSize >= 1.0  AND  Dict >= 1.0  AND  bt4 >= 1.0,0.0,1.0,1.0,1.0,29
uniform,261,bt4 = 1 AND Dict = 1 AND BlockSize = 1,bt4 >= 1.0  AND  BlockSize >= 1.0  AND  Dict >= 1.0,0.0,1.0,1.0,1.0,29
bi_modal_split,261,bt4 = 1 AND Dict = 1 AND BlockSize = 1,bt4 >= 1.0  AND  Dict >= 1.0  AND  BlockSize >= 1.0,0.0,1.0,1.0,1.0,29
tri_modal_split,261,bt4 = 1 AND Dict = 1 AND BlockSize = 1,bt4 >= 1.0  AND  Dict >= 1.0  AND  BlockSize >= 1.0,0.0,1.0,1.0,1.0,29
power_law,261,bt4 = 1 AND Dict = 1 AND BlockSize = 1,bt4 >= 1.0  AND  Dict >= 1.0  AND  BlockSize >= 1.0,0.0,1.0,1.0,1.0,29
normal,240,bt4 = 1 AND MemoryLimit = 1 AND Depth = 1,bt4 >= 1.0  AND  MemoryLimit >= 1.0  AND  Depth >= 1.0,0.0,1.0,1.0,1.0,2
uniform,240,bt4 = 1 AND MemoryLimit = 1 AND Depth = 1,bt4 >= 1.0  AND  MemoryLimit >= 1.0  AND  Depth >= 1.0,0.0,1.0,1.0,1.0,2
bi_modal_split,240,bt4 = 1 AND MemoryLimit = 1 AND Depth = 1,bt4 >= 1.0  AND  MemoryLimit >= 1.0  AND  Depth >= 1.0,0.0,1.0,1.0,1.0,2
tri_modal_split,240,bt4 = 1 AND MemoryLimit = 1 AND Depth = 1,bt4 >= 1.0  AND  MemoryLimit >= 1.0  AND  Depth >= 1.0,0.0,1.0,1.0,1.0,2
power_law,240,bt4 = 1 AND MemoryLimit = 1 AND Depth = 1,bt4 >= 1.0  AND  MemoryLimit >= 1.0  AND  0.0 <= Lc0Lp1 < 1.0  AND  Depth >= 1.0,1.0,0.9016018306636157,1.0,0.8208333333333333,2
normal,240,bt4 = 1 AND MemoryLimit = 1 AND Depth = 1,bt4 >= 1.0  AND  MemoryLimit >= 1.0  AND  Depth >= 1.0,2.0,1.0,1.0,1.0,30
uniform,240,bt4 = 1 AND MemoryLimit = 1 AND Depth = 1,bt4 >= 1.0  AND  MemoryLimit >= 1.0  AND  Depth >= 1.0,0.0,1.0,1.0,1.0,30
bi_modal_split,240,bt4 = 1 AND MemoryLimit = 1 AND Depth = 1,bt4 >= 1.0  AND  Depth >= 1.0  AND  0.0 <= Lc1Lp3 < 1.0  AND  MemoryLimit >= 1.0,0.0,0.9743589743589745,1.0,0.95,30
tri_modal_split,240,bt4 = 1 AND MemoryLimit = 1 AND Depth = 1,bt4 >= 1.0  AND  MemoryLimit >= 1.0  AND  Depth >= 1.0,0.0,1.0,1.0,1.0,30
power_law,240,bt4 = 1 AND MemoryLimit = 1 AND Depth = 1,bt4 >= 1.0  AND  MemoryLimit >= 1.0  AND  Depth >= 1.0,1.0,1.0,1.0,1.0,30
normal,234,crc32 = 1 AND MemoryLimit = 1 AND Nice = 1,crc32 >= 1.0  AND  MemoryLimit >= 1.0  AND  0.0 <= Lc1Lp0 < 1.0  AND  Nice >= 1.0,0.0,0.9870129870129868,1.0,0.9743589743589745,31
uniform,234,crc32 = 1 AND MemoryLimit = 1 AND Nice = 1,crc32 >= 1.0  AND  MemoryLimit >= 1.0  AND  Nice >= 1.0,0.0,1.0,1.0,1.0,31
bi_modal_split,234,crc32 = 1 AND MemoryLimit = 1 AND Nice = 1,MemoryLimit >= 1.0  AND  Nice >= 1.0  AND  crc32 >= 1.0,0.0,1.0,1.0,1.0,31
tri_modal_split,234,crc32 = 1 AND MemoryLimit = 1 AND Nice = 1,crc32 >= 1.0  AND  MemoryLimit >= 1.0  AND  0.0 <= Lc0Lp0 < 1.0  AND  Nice >= 1.0,0.0,0.9506726457399104,1.0,0.905982905982906,31
power_law,234,crc32 = 1 AND MemoryLimit = 1 AND Nice = 1,crc32 >= 1.0  AND  MemoryLimit >= 1.0  AND  0.0 <= hc3 < 1.0  AND  Nice >= 1.0,1.0,0.8857142857142858,1.0,0.7948717948717948,31
normal,378,Nice = 1 AND BlockSize = 1 AND FlushTimeout = 1,BlockSize >= 1.0  AND  FlushTimeout >= 1.0  AND  Nice >= 1.0  AND  0.0 <= Lc0Lp0 < 1.0,0.0,0.9615384615384616,1.0,0.925925925925926,32
uniform,378,Nice = 1 AND BlockSize = 1 AND FlushTimeout = 1,FlushTimeout >= 1.0  AND  BlockSize >= 1.0  AND  Nice >= 1.0,0.0,1.0,1.0,1.0,32
bi_modal_split,378,Nice = 1 AND BlockSize = 1 AND FlushTimeout = 1,BlockSize >= 1.0  AND  FlushTimeout >= 1.0  AND  Nice >= 1.0,0.0,1.0,1.0,1.0,32
tri_modal_split,0,Nice = 1 AND BlockSize = 1 AND FlushTimeout = 1,,,0.0,0.0,0.0,32
power_law,378,Nice = 1 AND BlockSize = 1 AND FlushTimeout = 1,FlushTimeout >= 1.0  AND  Nice >= 1.0  AND  0.0 <= Lc0Lp1 < 1.0  AND  0.0 <= crc64 < 1.0,2.0,0.70935960591133,0.935064935064935,0.5714285714285714,32
normal,365,Nice = 1 AND Dict = 1 AND FlushTimeout = 1,FlushTimeout >= 1.0  AND  MemoryLimit >= 1.0  AND  Nice >= 1.0  AND  Dict >= 1.0,0.0,0.9343065693430656,1.0,0.8767123287671232,33
uniform,365,Nice = 1 AND Dict = 1 AND FlushTimeout = 1,FlushTimeout >= 1.0  AND  Nice >= 1.0  AND  Dict >= 1.0,0.0,1.0,1.0,1.0,33
bi_modal_split,365,Nice = 1 AND Dict = 1 AND FlushTimeout = 1,FlushTimeout >= 1.0  AND  Nice >= 1.0  AND  Dict >= 1.0,0.0,1.0,1.0,1.0,33
tri_modal_split,365,Nice = 1 AND Dict = 1 AND FlushTimeout = 1,FlushTimeout >= 1.0  AND  Nice >= 1.0  AND  Dict >= 1.0,0.0,1.0,1.0,1.0,33
power_law,365,Nice = 1 AND Dict = 1 AND FlushTimeout = 1,FlushTimeout >= 1.0  AND  Dict >= 1.0  AND  0.0 <= Lc0Lp2 < 1.0  AND  Nice >= 1.0,0.0,0.9832869080779943,1.0,0.9671232876712328,33
normal,203,sha256 = 1 AND MemoryLimit = 1 AND BlockSize = 1,sha256 >= 1.0  AND  BlockSize >= 1.0  AND  MemoryLimit >= 1.0,0.0,1.0,1.0,1.0,34
uniform,203,sha256 = 1 AND MemoryLimit = 1 AND BlockSize = 1,sha256 >= 1.0  AND  MemoryLimit >= 1.0  AND  BlockSize >= 1.0,0.0,1.0,1.0,1.0,34
bi_modal_split,203,sha256 = 1 AND MemoryLimit = 1 AND BlockSize = 1,sha256 >= 1.0  AND  MemoryLimit >= 1.0  AND  BlockSize >= 1.0,0.0,1.0,1.0,1.0,34
tri_modal_split,203,sha256 = 1 AND MemoryLimit = 1 AND BlockSize = 1,sha256 >= 1.0  AND  BlockSize >= 1.0  AND  0.0 <= bt2 < 1.0  AND  MemoryLimit >= 1.0,0.0,0.9399477806788512,1.0,0.8866995073891626,34
power_law,203,sha256 = 1 AND MemoryLimit = 1 AND BlockSize = 1,sha256 >= 1.0  AND  MemoryLimit >= 1.0  AND  BlockSize >= 1.0,0.0,1.0,1.0,1.0,34
normal,226,crc32 = 1 AND Depth = 1 AND Dist = 1,crc32 >= 1.0  AND  Depth >= 1.0  AND  0.0 <= Lc4Lp0 < 1.0  AND  Dist >= 1.0,0.0,0.9561200923787528,1.0,0.915929203539823,35
uniform,226,crc32 = 1 AND Depth = 1 AND Dist = 1,crc32 >= 1.0  AND  Depth >= 1.0  AND  Dist >= 1.0,0.0,1.0,1.0,1.0,35
bi_modal_split,226,crc32 = 1 AND Depth = 1 AND Dist = 1,crc32 >= 1.0  AND  Dist >= 1.0  AND  Depth >= 1.0,0.0,1.0,1.0,1.0,35
tri_modal_split,226,crc32 = 1 AND Depth = 1 AND Dist = 1,crc32 >= 1.0  AND  0.0 <= Lc3Lp0 < 1.0  AND  Depth >= 1.0  AND  Dist >= 1.0,0.0,0.9773755656108596,1.0,0.9557522123893806,35
power_law,226,crc32 = 1 AND Depth = 1 AND Dist = 1,crc32 >= 1.0  AND  Depth >= 1.0  AND  Dist >= 1.0,0.0,1.0,1.0,1.0,35
normal,246,bt4 = 1 AND Nice = 1 AND BlockSize = 1,bt4 >= 1.0  AND  Nice >= 1.0  AND  BlockSize >= 1.0,0.0,1.0,1.0,1.0,36
uniform,246,bt4 = 1 AND Nice = 1 AND BlockSize = 1,bt4 >= 1.0  AND  Nice >= 1.0  AND  BlockSize >= 1.0,0.0,1.0,1.0,1.0,36
bi_modal_split,246,bt4 = 1 AND Nice = 1 AND BlockSize = 1,bt4 >= 1.0  AND  Nice >= 1.0  AND  BlockSize >= 1.0,0.0,1.0,1.0,1.0,36
tri_modal_split,246,bt4 = 1 AND Nice = 1 AND BlockSize = 1,bt4 >= 1.0  AND  Nice >= 1.0  AND  BlockSize >= 1.0,0.0,1.0,1.0,1.0,36
power_law,246,bt4 = 1 AND Nice = 1 AND BlockSize = 1,bt4 >= 1.0  AND  Nice >= 1.0  AND  BlockSize >= 1.0,0.0,1.0,1.0,1.0,36
normal,229,crc32 = 1 AND MemoryLimit = 1 AND BlockSize = 1,crc32 >= 1.0  AND  MemoryLimit >= 1.0  AND  BlockSize >= 1.0,0.0,1.0,1.0,1.0,37
uniform,229,crc32 = 1 AND MemoryLimit = 1 AND BlockSize = 1,crc32 >= 1.0  AND  BlockSize >= 1.0  AND  MemoryLimit >= 1.0,0.0,1.0,1.0,1.0,37
bi_modal_split,229,crc32 = 1 AND MemoryLimit = 1 AND BlockSize = 1,crc32 >= 1.0  AND  MemoryLimit >= 1.0  AND  BlockSize >= 1.0  AND  0.0 <= hc4 < 1.0,1.0,0.8316326530612245,1.0,0.7117903930131004,37
tri_modal_split,0,crc32 = 1 AND MemoryLimit = 1 AND BlockSize = 1,,,0.0,0.0,0.0,37
power_law,229,crc32 = 1 AND MemoryLimit = 1 AND BlockSize = 1,crc32 >= 1.0  AND  MemoryLimit >= 1.0  AND  BlockSize >= 1.0,0.0,1.0,1.0,1.0,37
normal,237,bt4 = 1 AND Nice = 1 AND Depth = 1,bt4 >= 1.0  AND  Nice >= 1.0  AND  Depth >= 1.0,0.0,1.0,1.0,1.0,38
uniform,237,bt4 = 1 AND Nice = 1 AND Depth = 1,bt4 >= 1.0  AND  Nice >= 1.0  AND  Depth >= 1.0,0.0,1.0,1.0,1.0,38
bi_modal_split,237,bt4 = 1 AND Nice = 1 AND Depth = 1,bt4 >= 1.0  AND  Nice >= 1.0  AND  Depth >= 1.0,0.0,1.0,1.0,1.0,38
tri_modal_split,237,bt4 = 1 AND Nice = 1 AND Depth = 1,bt4 >= 1.0  AND  0.0 <= Lc0Lp4 < 1.0  AND  Nice >= 1.0  AND  Depth >= 1.0,0.0,0.9605263157894736,1.0,0.9240506329113924,38
power_law,237,bt4 = 1 AND Nice = 1 AND Depth = 1,bt4 >= 1.0  AND  Nice >= 1.0  AND  Depth >= 1.0,0.0,1.0,1.0,1.0,38
normal,246,crc32 = 1 AND MemoryLimit = 1 AND Depth = 1,crc32 >= 1.0  AND  MemoryLimit >= 1.0  AND  Depth >= 1.0  AND  0.0 <= bt2 < 1.0,0.0,0.9620253164556964,1.0,0.926829268292683,39
uniform,246,crc32 = 1 AND MemoryLimit = 1 AND Depth = 1,crc32 >= 1.0  AND  MemoryLimit >= 1.0  AND  Depth >= 1.0,0.0,1.0,1.0,1.0,39
bi_modal_split,246,crc32 = 1 AND MemoryLimit = 1 AND Depth = 1,crc32 >= 1.0  AND  Depth >= 1.0  AND  MemoryLimit >= 1.0,0.0,1.0,1.0,1.0,39
tri_modal_split,246,crc32 = 1 AND MemoryLimit = 1 AND Depth = 1,crc32 >= 1.0  AND  MemoryLimit >= 1.0  AND  Depth >= 1.0,0.0,1.0,1.0,1.0,39
power_law,246,crc32 = 1 AND MemoryLimit = 1 AND Depth = 1,crc32 >= 1.0  AND  MemoryLimit >= 1.0  AND  0.0 <= hc3 < 1.0  AND  Depth >= 1.0,0.0,0.8893905191873589,1.0,0.8008130081300813,39
normal,209,hc3 = 1 AND Depth = 1 AND Dist = 1,hc3 >= 1.0  AND  Depth >= 1.0  AND  Dist >= 1.0,0.0,1.0,1.0,1.0,3
uniform,209,hc3 = 1 AND Depth = 1 AND Dist = 1,hc3 >= 1.0  AND  Depth >= 1.0  AND  Dist >= 1.0,0.0,1.0,1.0,1.0,3
bi_modal_split,209,hc3 = 1 AND Depth = 1 AND Dist = 1,hc3 >= 1.0  AND  Dist >= 1.0  AND  Depth >= 1.0,0.0,1.0,1.0,1.0,3
tri_modal_split,209,hc3 = 1 AND Depth = 1 AND Dist = 1,hc3 >= 1.0  AND  Depth >= 1.0  AND  Dist >= 1.0,0.0,1.0,1.0,1.0,3
power_law,209,hc3 = 1 AND Depth = 1 AND Dist = 1,hc3 >= 1.0  AND  Dist >= 1.0  AND  0.0 <= Lc2Lp2 < 1.0  AND  Depth >= 1.0,0.0,0.9627791563275434,1.0,0.9282296650717704,3
normal,398,Dict = 1 AND Multithreading = 1 AND BlockSize = 1,BlockSize >= 1.0  AND  Dict >= 1.0  AND  Multithreading >= 1.0,0.0,1.0,1.0,1.0,40
uniform,398,Dict = 1 AND Multithreading = 1 AND BlockSize = 1,BlockSize >= 1.0  AND  Multithreading >= 1.0  AND  Dict >= 1.0,0.0,1.0,1.0,1.0,40
bi_modal_split,398,Dict = 1 AND Multithreading = 1 AND BlockSize = 1,0.0 <= Lc2Lp2 < 1.0  AND  Multithreading >= 1.0  AND  BlockSize >= 1.0  AND  Dict >= 1.0,1.0,0.964889466840052,1.0,0.9321608040201004,40
tri_modal_split,398,Dict = 1 AND Multithreading = 1 AND BlockSize = 1,Dict >= 1.0  AND  Multithreading >= 1.0  AND  0.0 <= hc3 < 1.0  AND  BlockSize >= 1.0,0.0,0.846376811594203,1.0,0.7336683417085427,40
power_law,398,Dict = 1 AND Multithreading = 1 AND BlockSize = 1,Dict >= 1.0  AND  Multithreading >= 1.0  AND  0.0 <= crc64 < 1.0  AND  BlockSize >= 1.0,0.0,0.8835904628330995,1.0,0.7914572864321608,40
normal,383,Dist = 1 AND BlockSize = 1 AND FlushTimeout = 1,FlushTimeout >= 1.0  AND  Dist >= 1.0  AND  BlockSize >= 1.0,1.0,1.0,1.0,1.0,41
uniform,383,Dist = 1 AND BlockSize = 1 AND FlushTimeout = 1,FlushTimeout >= 1.0  AND  Dist >= 1.0  AND  BlockSize >= 1.0,0.0,1.0,1.0,1.0,41
bi_modal_split,383,Dist = 1 AND BlockSize = 1 AND FlushTimeout = 1,0.0 <= crc64 < 1.0  AND  FlushTimeout >= 1.0  AND  BlockSize >= 1.0  AND  Dist >= 1.0,0.0,0.8735294117647059,1.0,0.7754569190600522,41
tri_modal_split,383,Dist = 1 AND BlockSize = 1 AND FlushTimeout = 1,FlushTimeout >= 1.0  AND  0.0 <= Lc1Lp3 < 1.0  AND  BlockSize >= 1.0  AND  Dist >= 1.0,0.0,0.9800266311584556,1.0,0.9608355091383812,41
power_law,383,Dist = 1 AND BlockSize = 1 AND FlushTimeout = 1,FlushTimeout >= 1.0  AND  Dist >= 1.0  AND  0.0 <= Lc1Lp1 < 1.0  AND  BlockSize >= 1.0,1.0,0.962059620596206,1.0,0.9268929503916448,41
normal,345,MemoryLimit = 1 AND Dist = 1 AND FlushTimeout = 1,FlushTimeout >= 1.0  AND  MemoryLimit >= 1.0  AND  Dist >= 1.0  AND  BlockSize >= 1.0,0.0,0.9655172413793104,1.0,0.9333333333333332,42
uniform,345,MemoryLimit = 1 AND Dist = 1 AND FlushTimeout = 1,FlushTimeout >= 1.0  AND  MemoryLimit >= 1.0  AND  Dist >= 1.0,0.0,1.0,1.0,1.0,42
bi_modal_split,345,MemoryLimit = 1 AND Dist = 1 AND FlushTimeout = 1,FlushTimeout >= 1.0  AND  Depth >= 1.0  AND  MemoryLimit >= 1.0  AND  Dist >= 1.0,0.0,0.9285714285714286,1.0,0.8666666666666667,42
tri_modal_split,345,MemoryLimit = 1 AND Dist = 1 AND FlushTimeout = 1,FlushTimeout >= 1.0  AND  MemoryLimit >= 1.0  AND  Dist >= 1.0  AND  0.0 <= hc3 < 1.0,0.0,0.8403361344537814,1.0,0.7246376811594203,42
power_law,345,MemoryLimit = 1 AND Dist = 1 AND FlushTimeout = 1,FlushTimeout >= 1.0  AND  Dist >= 1.0  AND  0.0 <= Lc4Lp0 < 1.0  AND  MemoryLimit >= 1.0,0.0,0.9497716894977168,1.0,0.9043478260869564,42
normal,330,Nice = 1 AND Depth = 1 AND FlushTimeout = 1,FlushTimeout >= 1.0  AND  Depth >= 1.0  AND  0.0 <= Lc0Lp4 < 1.0  AND  Nice >= 1.0,0.0,0.9589905362776024,1.0,0.9212121212121211,43
uniform,330,Nice = 1 AND Depth = 1 AND FlushTimeout = 1,FlushTimeout >= 1.0  AND  MemoryLimit >= 1.0  AND  Nice >= 1.0  AND  Depth >= 1.0,0.0,0.9406099518459068,1.0,0.8878787878787879,43
bi_modal_split,330,Nice = 1 AND Depth = 1 AND FlushTimeout = 1,FlushTimeout >= 1.0  AND  Nice >= 1.0  AND  Depth >= 1.0,0.0,1.0,1.0,1.0,43
tri_modal_split,330,Nice = 1 AND Depth = 1 AND FlushTimeout = 1,FlushTimeout >= 1.0  AND  Depth >= 1.0,0.0,0.9388335704125176,0.8847184986595175,1.0,43
power_law,330,Nice = 1 AND Depth = 1 AND FlushTimeout = 1,FlushTimeout >= 1.0  AND  Nice >= 1.0  AND  Depth >= 1.0,0.0,1.0,1.0,1.0,43
normal,231,MemoryLimit = 1 AND Dict = 1 AND PositionBits = 1,PositionBits >= 1.0  AND  Dict >= 1.0  AND  MemoryLimit >= 1.0,0.0,1.0,1.0,1.0,44
uniform,231,MemoryLimit = 1 AND Dict = 1 AND PositionBits = 1,PositionBits >= 1.0  AND  Dict >= 1.0  AND  0.0 <= Lc3Lp0 < 1.0  AND  MemoryLimit >= 1.0,0.0,0.9778761061946905,1.0,0.9567099567099568,44
bi_modal_split,231,MemoryLimit = 1 AND Dict = 1 AND PositionBits = 1,MemoryLimit >= 1.0  AND  Dict >= 1.0  AND  PositionBits >= 1.0,0.0,1.0,1.0,1.0,44
tri_modal_split,231,MemoryLimit = 1 AND Dict = 1 AND PositionBits = 1,PositionBits >= 1.0  AND  Depth >= 1.0  AND  Dict >= 1.0  AND  MemoryLimit >= 1.0,0.0,0.9280742459396752,1.0,0.8658008658008658,44
power_law,231,MemoryLimit = 1 AND Dict = 1 AND PositionBits = 1,PositionBits >= 1.0  AND  MemoryLimit >= 1.0  AND  Dict >= 1.0,0.0,1.0,1.0,1.0,44
normal,216,crc32 = 1 AND MemoryLimit = 1 AND Dist = 1,crc32 >= 1.0  AND  Dist >= 1.0  AND  MemoryLimit >= 1.0  AND  0.0 <= Lc0Lp0 < 1.0,0.0,0.953995157384988,1.0,0.9120370370370372,45
uniform,216,crc32 = 1 AND MemoryLimit = 1 AND Dist = 1,crc32 >= 1.0  AND  MemoryLimit >= 1.0  AND  Dist >= 1.0,0.0,1.0,1.0,1.0,45
bi_modal_split,216,crc32 = 1 AND MemoryLimit = 1 AND Dist = 1,crc32 >= 1.0  AND  Dist >= 1.0  AND  MemoryLimit >= 1.0,0.0,1.0,1.0,1.0,45
tri_modal_split,0,crc32 = 1 AND MemoryLimit = 1 AND Dist = 1,,,0.0,0.0,0.0,45
power_law,216,crc32 = 1 AND MemoryLimit = 1 AND Dist = 1,crc32 >= 1.0  AND  MemoryLimit >= 1.0  AND  0.0 <= Lc4Lp0 < 1.0  AND  Dist >= 1.0,0.0,0.9665071770334928,1.0,0.9351851851851852,45
normal,240,crc32 = 1 AND Dict = 1 AND Dist = 1,crc32 >= 1.0  AND  Dict >= 1.0  AND  0.0 <= bt2 < 1.0  AND  Dist >= 1.0,0.0,0.9587852494577006,1.0,0.9208333333333332,46
uniform,240,crc32 = 1 AND Dict = 1 AND Dist = 1,crc32 >= 1.0  AND  Dict >= 1.0  AND  0.0 <= Lc1Lp3 < 1.0  AND  Dist >= 1.0,0.0,0.9699570815450644,1.0,0.9416666666666668,46
bi_modal_split,240,crc32 = 1 AND Dict = 1 AND Dist = 1,crc32 >= 1.0  AND  Dict >= 1.0  AND  0.0 <= bt4 < 1.0  AND  Dist >= 1.0,0.0,0.8598574821852731,1.0,0.7541666666666667,46
tri_modal_split,240,crc32 = 1 AND Dict = 1 AND Dist = 1,crc32 >= 1.0  AND  Dict >= 1.0  AND  Dist >= 1.0,0.0,1.0,1.0,1.0,46
power_law,240,crc32 = 1 AND Dict = 1 AND Dist = 1,crc32 >= 1.0  AND  Dict >= 1.0  AND  Dist >= 1.0  AND  0.0 <= hc3 < 1.0,0.0,0.881118881118881,1.0,0.7875,46
normal,207,sha256 = 1 AND Dist = 1 AND BlockSize = 1,sha256 >= 1.0  AND  Dist >= 1.0  AND  BlockSize >= 1.0  AND  0.0 <= Lc1Lp0 < 1.0,0.0,0.9752475247524752,1.0,0.9516908212560388,47
uniform,207,sha256 = 1 AND Dist = 1 AND BlockSize = 1,sha256 >= 1.0  AND  BlockSize >= 1.0  AND  Dist >= 1.0,0.0,1.0,1.0,1.0,47
bi_modal_split,0,sha256 = 1 AND Dist = 1 AND BlockSize = 1,,,0.0,0.0,0.0,47
tri_modal_split,207,sha256 = 1 AND Dist = 1 AND BlockSize = 1,sha256 >= 1.0  AND  Dist >= 1.0  AND  BlockSize >= 1.0,0.0,1.0,1.0,1.0,47
power_law,207,sha256 = 1 AND Dist = 1 AND BlockSize = 1,sha256 >= 1.0  AND  Dist >= 1.0  AND  BlockSize >= 1.0,0.0,1.0,1.0,1.0,47
normal,212,hc3 = 1 AND Dist = 1 AND BlockSize = 1,hc3 >= 1.0  AND  Dist >= 1.0  AND  BlockSize >= 1.0  AND  0.0 <= Lc0Lp0 < 1.0,0.0,0.970873786407767,1.0,0.9433962264150944,48
uniform,212,hc3 = 1 AND Dist = 1 AND BlockSize = 1,hc3 >= 1.0  AND  BlockSize >= 1.0  AND  Dist >= 1.0,0.0,1.0,1.0,1.0,48
bi_modal_split,212,hc3 = 1 AND Dist = 1 AND BlockSize = 1,hc3 >= 1.0  AND  BlockSize >= 1.0  AND  Dist >= 1.0,0.0,1.0,1.0,1.0,48
tri_modal_split,212,hc3 = 1 AND Dist = 1 AND BlockSize = 1,hc3 >= 1.0  AND  BlockSize >= 1.0  AND  Dist >= 1.0,0.0,1.0,1.0,1.0,48
power_law,212,hc3 = 1 AND Dist = 1 AND BlockSize = 1,hc3 >= 1.0  AND  Dist >= 1.0  AND  0.0 <= Lc0Lp2 < 1.0  AND  crc32 >= 1.0,1.0,0.3622641509433962,0.9056603773584906,0.2264150943396226,48
normal,234,crc32 = 1 AND MemoryLimit = 1 AND Nice = 1,crc32 >= 1.0  AND  Nice >= 1.0  AND  Dict >= 1.0  AND  MemoryLimit >= 1.0,0.0,0.883054892601432,1.0,0.7905982905982906,49
uniform,234,crc32 = 1 AND MemoryLimit = 1 AND Nice = 1,crc32 >= 1.0  AND  MemoryLimit >= 1.0  AND  Nice >= 1.0  AND  0.0 <= Lc3Lp0 < 1.0,0.0,0.9803921568627452,1.0,0.9615384615384616,49
bi_modal_split,234,crc32 = 1 AND MemoryLimit = 1 AND Nice = 1,crc32 >= 1.0  AND  MemoryLimit >= 1.0  AND  Nice >= 1.0  AND  0.0 <= bt2 < 1.0,0.0,0.957683741648107,1.0,0.9188034188034188,49
tri_modal_split,234,crc32 = 1 AND MemoryLimit = 1 AND Nice = 1,crc32 >= 1.0  AND  MemoryLimit >= 1.0  AND  Nice >= 1.0,0.0,1.0,1.0,1.0,49
power_law,234,crc32 = 1 AND MemoryLimit = 1 AND Nice = 1,crc32 >= 1.0  AND  Nice >= 1.0  AND  0.0 <= Lc2Lp2 < 1.0  AND  MemoryLimit >= 1.0,0.0,0.9553571428571428,1.0,0.9145299145299144,49
normal,335,MemoryLimit = 1 AND Nice = 1 AND FlushTimeout = 1,FlushTimeout >= 1.0  AND  MemoryLimit >= 1.0  AND  Nice >= 1.0  AND  0.0 <= Lc0Lp1 < 1.0,0.0,0.8701517706576728,1.0,0.7701492537313432,4
uniform,335,MemoryLimit = 1 AND Nice = 1 AND FlushTimeout = 1,FlushTimeout >= 1.0  AND  Nice >= 1.0  AND  MemoryLimit >= 1.0,0.0,1.0,1.0,1.0,4
bi_modal_split,0,MemoryLimit = 1 AND Nice = 1 AND FlushTimeout = 1,,,0.0,0.0,0.0,4
tri_modal_split,335,MemoryLimit = 1 AND Nice = 1 AND FlushTimeout = 1,FlushTimeout >= 1.0  AND  Nice >= 1.0  AND  MemoryLimit >= 1.0  AND  0.0 <= hc4 < 1.0,0.0,0.9262820512820512,1.0,0.8626865671641791,4
power_law,335,MemoryLimit = 1 AND Nice = 1 AND FlushTimeout = 1,FlushTimeout >= 1.0  AND  Nice >= 1.0  AND  MemoryLimit >= 1.0  AND  0.0 <= sha256 < 1.0,0.0,0.842832469775475,1.0,0.7283582089552239,4
normal,334,MemoryLimit = 1 AND Depth = 1 AND FlushTimeout = 1,FlushTimeout >= 1.0  AND  MemoryLimit >= 1.0  AND  Depth >= 1.0,0.0,1.0,1.0,1.0,50
uniform,334,MemoryLimit = 1 AND Depth = 1 AND FlushTimeout = 1,MemoryLimit >= 1.0  AND  FlushTimeout >= 1.0  AND  Depth >= 1.0,1.0,1.0,1.0,1.0,50
bi_modal_split,334,MemoryLimit = 1 AND Depth = 1 AND FlushTimeout = 1,FlushTimeout >= 1.0  AND  Depth >= 1.0  AND  MemoryLimit >= 1.0,0.0,1.0,1.0,1.0,50
tri_modal_split,334,MemoryLimit = 1 AND Depth = 1 AND FlushTimeout = 1,FlushTimeout >= 1.0  AND  MemoryLimit >= 1.0  AND  Depth >= 1.0,0.0,1.0,1.0,1.0,50
power_law,334,MemoryLimit = 1 AND Depth = 1 AND FlushTimeout = 1,FlushTimeout >= 1.0  AND  Depth >= 1.0  AND  MemoryLimit >= 1.0  AND  0.0 <= Lc0Lp0 < 1.0,0.0,0.9611197511664076,1.0,0.9251497005988024,50
normal,229,crc32 = 1 AND MemoryLimit = 1 AND BlockSize = 1,crc32 >= 1.0  AND  BlockSize >= 1.0  AND  MemoryLimit >= 1.0,0.0,1.0,1.0,1.0,51
uniform,229,crc32 = 1 AND MemoryLimit = 1 AND BlockSize = 1,crc32 >= 1.0  AND  BlockSize >= 1.0  AND  MemoryLimit >= 1.0,0.0,1.0,1.0,1.0,51
bi_modal_split,229,crc32 = 1 AND MemoryLimit = 1 AND BlockSize = 1,crc32 >= 1.0  AND  MemoryLimit >= 1.0  AND  BlockSize >= 1.0  AND  0.0 <= bt2 < 1.0,0.0,0.9471264367816092,1.0,0.8995633187772926,51
tri_modal_split,229,crc32 = 1 AND MemoryLimit = 1 AND BlockSize = 1,crc32 >= 1.0  AND  MemoryLimit >= 1.0  AND  0.0 <= Lc4Lp0 < 1.0  AND  BlockSize >= 1.0,0.0,0.9661399548532732,1.0,0.9344978165938864,51
power_law,229,crc32 = 1 AND MemoryLimit = 1 AND BlockSize = 1,crc32 >= 1.0  AND  MemoryLimit >= 1.0  AND  0.0 <= Lc3Lp0 < 1.0  AND  BlockSize >= 1.0,0.0,0.979955456570156,1.0,0.960698689956332,51
normal,330,Nice = 1 AND Depth = 1 AND FlushTimeout = 1,FlushTimeout >= 1.0  AND  Depth >= 1.0  AND  Nice >= 1.0  AND  0.0 <= hc4 < 1.0,0.0,0.9233278955954324,1.0,0.8575757575757575,52
uniform,330,Nice = 1 AND Depth = 1 AND FlushTimeout = 1,0.0 <= Lc1Lp3 < 1.0  AND  FlushTimeout >= 1.0  AND  Nice >= 1.0  AND  Depth >= 1.0,0.0,0.9751552795031057,1.0,0.9515151515151516,52
bi_modal_split,330,Nice = 1 AND Depth = 1 AND FlushTimeout = 1,FlushTimeout >= 1.0  AND  Nice >= 1.0  AND  Depth >= 1.0,0.0,1.0,1.0,1.0,52
tri_modal_split,330,Nice = 1 AND Depth = 1 AND FlushTimeout = 1,FlushTimeout >= 1.0  AND  0.0 <= Lc4Lp0 < 1.0  AND  Depth >= 1.0  AND  Nice >= 1.0,0.0,0.9523809523809524,1.0,0.9090909090909092,52
power_law,330,Nice = 1 AND Depth = 1 AND FlushTimeout = 1,FlushTimeout >= 1.0  AND  Depth >= 1.0  AND  0.0 <= Lc1Lp3 < 1.0  AND  Nice >= 1.0,0.0,0.9751552795031057,1.0,0.9515151515151516,52
normal,233,Nice = 1 AND Dist = 1 AND PositionBits = 1,PositionBits >= 1.0  AND  Nice >= 1.0  AND  Dist >= 1.0,0.0,1.0,1.0,1.0,53
uniform,233,Nice = 1 AND Dist = 1 AND PositionBits = 1,PositionBits >= 1.0  AND  Dist >= 1.0  AND  MemoryLimit >= 1.0  AND  Nice >= 1.0,0.0,0.895734597156398,1.0,0.8111587982832618,53
bi_modal_split,233,Nice = 1 AND Dist = 1 AND PositionBits = 1,PositionBits >= 1.0  AND  Nice >= 1.0  AND  Dist >= 1.0  AND  0.0 <= sha256 < 1.0,0.0,0.857843137254902,1.0,0.7510729613733905,53
tri_modal_split,233,Nice = 1 AND Dist = 1 AND PositionBits = 1,PositionBits >= 1.0  AND  Nice >= 1.0  AND  Dist >= 1.0,2.0,1.0,1.0,1.0,53
power_law,233,Nice = 1 AND Dist = 1 AND PositionBits = 1,PositionBits >= 1.0  AND  Dict >= 1.0  AND  Nice >= 1.0  AND  Dist >= 1.0,0.0,0.9137529137529136,1.0,0.8412017167381974,53
normal,246,bt4 = 1 AND Nice = 1 AND BlockSize = 1,bt4 >= 1.0  AND  Nice >= 1.0  AND  BlockSize >= 1.0,0.0,1.0,1.0,1.0,54
uniform,246,bt4 = 1 AND Nice = 1 AND BlockSize = 1,bt4 >= 1.0  AND  BlockSize >= 1.0  AND  Nice >= 1.0,0.0,1.0,1.0,1.0,54
bi_modal_split,246,bt4 = 1 AND Nice = 1 AND BlockSize = 1,bt4 >= 1.0  AND  Nice >= 1.0  AND  BlockSize >= 1.0,0.0,1.0,1.0,1.0,54
tri_modal_split,246,bt4 = 1 AND Nice = 1 AND BlockSize = 1,bt4 >= 1.0  AND  Nice >= 1.0  AND  BlockSize >= 1.0,0.0,1.0,1.0,1.0,54
power_law,246,bt4 = 1 AND Nice = 1 AND BlockSize = 1,bt4 >= 1.0  AND  Nice >= 1.0  AND  BlockSize >= 1.0,0.0,1.0,1.0,1.0,54
normal,246,bt4 = 1 AND MemoryLimit = 1 AND Dist = 1,MemoryLimit >= 1.0  AND  Dist >= 1.0  AND  bt4 >= 1.0  AND  0.0 <= Lc0Lp0 < 1.0,0.0,0.9350649350649352,1.0,0.8780487804878049,55
uniform,246,bt4 = 1 AND MemoryLimit = 1 AND Dist = 1,bt4 >= 1.0  AND  MemoryLimit >= 1.0  AND  Dist >= 1.0,0.0,1.0,1.0,1.0,55
bi_modal_split,246,bt4 = 1 AND MemoryLimit = 1 AND Dist = 1,bt4 >= 1.0  AND  MemoryLimit >= 1.0  AND  Dist >= 1.0,0.0,1.0,1.0,1.0,55
tri_modal_split,0,bt4 = 1 AND MemoryLimit = 1 AND Dist = 1,,,0.0,0.0,0.0,55
power_law,246,bt4 = 1 AND MemoryLimit = 1 AND Dist = 1,bt4 >= 1.0  AND  MemoryLimit >= 1.0  AND  Dist >= 1.0,0.0,1.0,1.0,1.0,55
normal,387,MemoryLimit = 1 AND Multithreading = 1 AND BlockSize = 1,BlockSize >= 1.0  AND  Multithreading >= 1.0  AND  Dist >= 1.0  AND  MemoryLimit >= 1.0,0.0,0.9368131868131868,1.0,0.8811369509043928,56
uniform,387,MemoryLimit = 1 AND Multithreading = 1 AND BlockSize = 1,BlockSize >= 1.0  AND  Multithreading >= 1.0  AND  MemoryLimit >= 1.0,0.0,1.0,1.0,1.0,56
bi_modal_split,387,MemoryLimit = 1 AND Multithreading = 1 AND BlockSize = 1,MemoryLimit >= 1.0  AND  Multithreading >= 1.0  AND  BlockSize >= 1.0,0.0,1.0,1.0,1.0,56
tri_modal_split,0,MemoryLimit = 1 AND Multithreading = 1 AND BlockSize = 1,,,0.0,0.0,0.0,56
power_law,387,MemoryLimit = 1 AND Multithreading = 1 AND BlockSize = 1,BlockSize >= 1.0  AND  Multithreading >= 1.0,0.0,0.8533627342888644,0.7442307692307693,1.0,56
normal,214,hc3 = 1 AND Depth = 1 AND Dict = 1,hc3 >= 1.0  AND  Depth >= 1.0  AND  Dict >= 1.0,0.0,1.0,1.0,1.0,57
uniform,214,hc3 = 1 AND Depth = 1 AND Dict = 1,hc3 >= 1.0  AND  Depth >= 1.0  AND  Dict >= 1.0,0.0,1.0,1.0,1.0,57
bi_modal_split,214,hc3 = 1 AND Depth = 1 AND Dict = 1,hc3 >= 1.0  AND  Depth >= 1.0  AND  Dict >= 1.0,0.0,1.0,1.0,1.0,57
tri_modal_split,214,hc3 = 1 AND Depth = 1 AND Dict = 1,hc3 >= 1.0  AND  Depth >= 1.0  AND  Dict >= 1.0,0.0,1.0,1.0,1.0,57
power_law,0,hc3 = 1 AND Depth = 1 AND Dict = 1,,,0.0,0.0,0.0,57
normal,206,hc3 = 1 AND MemoryLimit = 1 AND Dist = 1,hc3 >= 1.0  AND  MemoryLimit >= 1.0  AND  Dist >= 1.0  AND  0.0 <= Lc1Lp0 < 1.0,0.0,0.9595959595959596,1.0,0.9223300970873788,58
uniform,206,hc3 = 1 AND MemoryLimit = 1 AND Dist = 1,hc3 >= 1.0  AND  MemoryLimit >= 1.0  AND  Dist >= 1.0,0.0,1.0,1.0,1.0,58
bi_modal_split,206,hc3 = 1 AND MemoryLimit = 1 AND Dist = 1,hc3 >= 1.0  AND  MemoryLimit >= 1.0  AND  Dist >= 1.0,0.0,1.0,1.0,1.0,58
tri_modal_split,206,hc3 = 1 AND MemoryLimit = 1 AND Dist = 1,MemoryLimit >= 1.0  AND  hc3 >= 1.0,1.0,0.9237668161434976,0.8583333333333333,1.0,58
power_law,206,hc3 = 1 AND MemoryLimit = 1 AND Dist = 1,hc3 >= 1.0  AND  MemoryLimit >= 1.0  AND  Dist >= 1.0,0.0,1.0,1.0,1.0,58
normal,246,bt4 = 1 AND Dist = 1 AND BlockSize = 1,bt4 >= 1.0  AND  BlockSize >= 1.0  AND  Dist >= 1.0,0.0,1.0,1.0,1.0,59
uniform,246,bt4 = 1 AND Dist = 1 AND BlockSize = 1,bt4 >= 1.0  AND  BlockSize >= 1.0  AND  Dist >= 1.0  AND  0.0 <= Lc1Lp1 < 1.0,0.0,0.9707112970711296,1.0,0.943089430894309,59
bi_modal_split,246,bt4 = 1 AND Dist = 1 AND BlockSize = 1,bt4 >= 1.0  AND  Depth >= 1.0  AND  Dist >= 1.0  AND  BlockSize >= 1.0,0.0,0.937365010799136,1.0,0.8821138211382114,59
tri_modal_split,246,bt4 = 1 AND Dist = 1 AND BlockSize = 1,bt4 >= 1.0  AND  Dist >= 1.0  AND  BlockSize >= 1.0,0.0,1.0,1.0,1.0,59
power_law,246,bt4 = 1 AND Dist = 1 AND BlockSize = 1,bt4 >= 1.0  AND  BlockSize >= 1.0  AND  0.0 <= Lc2Lp2 < 1.0  AND  Dist >= 1.0,0.0,0.9813664596273292,1.0,0.9634146341463414,59
normal,225,Depth = 1 AND Dict = 1 AND PositionBits = 1,PositionBits >= 1.0  AND  Depth >= 1.0  AND  Dict >= 1.0,0.0,1.0,1.0,1.0,5
uniform,225,Depth = 1 AND Dict = 1 AND PositionBits = 1,PositionBits >= 1.0  AND  Depth >= 1.0  AND  Dict >= 1.0,0.0,1.0,1.0,1.0,5
bi_modal_split,225,Depth = 1 AND Dict = 1 AND PositionBits = 1,PositionBits >= 1.0  AND  Depth >= 1.0  AND  Dict >= 1.0,0.0,1.0,1.0,1.0,5
tri_modal_split,225,Depth = 1 AND Dict = 1 AND PositionBits = 1,PositionBits >= 1.0  AND  Depth >= 1.0  AND  Dict >= 1.0,0.0,1.0,1.0,1.0,5
power_law,225,Depth = 1 AND Dict = 1 AND PositionBits = 1,PositionBits >= 1.0  AND  Depth >= 1.0  AND  Dict >= 1.0  AND  0.0 <= hc4 < 1.0,0.0,0.8549618320610688,1.0,0.7466666666666667,5
normal,254,crc32 = 1 AND Nice = 1 AND Dict = 1,crc32 >= 1.0  AND  Nice >= 1.0  AND  Dict >= 1.0,0.0,1.0,1.0,1.0,60
uniform,254,crc32 = 1 AND Nice = 1 AND Dict = 1,crc32 >= 1.0  AND  0.0 <= bt3 < 1.0  AND  Nice >= 1.0  AND  Dict >= 1.0,0.0,0.9191489361702128,1.0,0.8503937007874016,60
bi_modal_split,254,crc32 = 1 AND Nice = 1 AND Dict = 1,crc32 >= 1.0  AND  Nice >= 1.0  AND  Dict >= 1.0  AND  0.0 <= Lc2Lp2 < 1.0,0.0,0.963265306122449,1.0,0.9291338582677166,60
tri_modal_split,254,crc32 = 1 AND Nice = 1 AND Dict = 1,crc32 >= 1.0  AND  Nice >= 1.0  AND  Dict >= 1.0,0.0,1.0,1.0,1.0,60
power_law,254,crc32 = 1 AND Nice = 1 AND Dict = 1,crc32 >= 1.0  AND  Nice >= 1.0  AND  Dict >= 1.0,0.0,1.0,1.0,1.0,60
normal,353,Nice = 1 AND Dist = 1 AND FlushTimeout = 1,FlushTimeout >= 1.0  AND  Nice >= 1.0  AND  Dist >= 1.0  AND  0.0 <= bt2 < 1.0,0.0,0.9319213313161876,1.0,0.8725212464589235,61
uniform,353,Nice = 1 AND Dist = 1 AND FlushTimeout = 1,Nice >= 1.0  AND  Dist >= 1.0  AND  FlushTimeout >= 1.0,0.0,1.0,1.0,1.0,61
bi_modal_split,353,Nice = 1 AND Dist = 1 AND FlushTimeout = 1,FlushTimeout >= 1.0  AND  Nice >= 1.0  AND  Dist >= 1.0  AND  0.0 <= Lc0Lp4 < 1.0,0.0,0.9602356406480116,1.0,0.923512747875354,61
tri_modal_split,353,Nice = 1 AND Dist = 1 AND FlushTimeout = 1,FlushTimeout >= 1.0  AND  Nice >= 1.0  AND  Dist >= 1.0,0.0,1.0,1.0,1.0,61
power_law,353,Nice = 1 AND Dist = 1 AND FlushTimeout = 1,FlushTimeout >= 1.0  AND  Nice >= 1.0  AND  Dist >= 1.0  AND  0.0 <= crc64 < 1.0,0.0,0.87758346581876,1.0,0.7818696883852692,61
normal,237,bt4 = 1 AND Nice = 1 AND Dist = 1,bt4 >= 1.0  AND  Nice >= 1.0  AND  Dist >= 1.0  AND  0.0 <= Lc1Lp1 < 1.0,0.0,0.9673202614379084,1.0,0.9367088607594936,62
uniform,237,bt4 = 1 AND Nice = 1 AND Dist = 1,bt4 >= 1.0  AND  Dist >= 1.0  AND  Nice >= 1.0,0.0,1.0,1.0,1.0,62
bi_modal_split,237,bt4 = 1 AND Nice = 1 AND Dist = 1,bt4 >= 1.0  AND  Nice >= 1.0  AND  Dist >= 1.0,0.0,1.0,1.0,1.0,62
tri_modal_split,237,bt4 = 1 AND Nice = 1 AND Dist = 1,bt4 >= 1.0  AND  Nice >= 1.0  AND  Dist >= 1.0,0.0,1.0,1.0,1.0,62
power_law,237,bt4 = 1 AND Nice = 1 AND Dist = 1,bt4 >= 1.0  AND  Nice >= 1.0  AND  Dist >= 1.0  AND  Depth >= 1.0,0.0,0.9419642857142856,1.0,0.890295358649789,62
normal,240,bt4 = 1 AND Nice = 1 AND Dict = 1,bt4 >= 1.0  AND  Nice >= 1.0  AND  Dict >= 1.0,0.0,1.0,1.0,1.0,63
uniform,240,bt4 = 1 AND Nice = 1 AND Dict = 1,bt4 >= 1.0  AND  Nice >= 1.0  AND  Dict >= 1.0,0.0,1.0,1.0,1.0,63
bi_modal_split,240,bt4 = 1 AND Nice = 1 AND Dict = 1,bt4 >= 1.0  AND  Nice >= 1.0  AND  Dict >= 1.0,0.0,1.0,1.0,1.0,63
tri_modal_split,240,bt4 = 1 AND Nice = 1 AND Dict = 1,bt4 >= 1.0  AND  Nice >= 1.0  AND  Dict >= 1.0,0.0,1.0,1.0,1.0,63
power_law,0,bt4 = 1 AND Nice = 1 AND Dict = 1,,,0.0,0.0,0.0,63
normal,231,Depth = 1 AND Dist = 1 AND PositionBits = 1,PositionBits >= 1.0  AND  0.0 <= Lc3Lp0 < 1.0  AND  Dist >= 1.0  AND  Depth >= 1.0,0.0,0.975609756097561,1.0,0.9523809523809524,64
uniform,231,Depth = 1 AND Dist = 1 AND PositionBits = 1,PositionBits >= 1.0  AND  Depth >= 1.0  AND  Dist >= 1.0,0.0,1.0,1.0,1.0,64
bi_modal_split,231,Depth = 1 AND Dist = 1 AND PositionBits = 1,PositionBits >= 1.0  AND  Depth >= 1.0  AND  Dist >= 1.0,0.0,1.0,1.0,1.0,64
tri_modal_split,231,Depth = 1 AND Dist = 1 AND PositionBits = 1,Depth >= 1.0  AND  Dist >= 1.0  AND  PositionBits >= 1.0,0.0,1.0,1.0,1.0,64
power_law,0,Depth = 1 AND Dist = 1 AND PositionBits = 1,,,0.0,0.0,0.0,64
normal,269,Dict = 1 AND BlockSize = 1 AND PositionBits = 1,PositionBits >= 1.0  AND  BlockSize >= 1.0  AND  Dict >= 1.0,0.0,1.0,1.0,1.0,65
uniform,269,Dict = 1 AND BlockSize = 1 AND PositionBits = 1,PositionBits >= 1.0  AND  BlockSize >= 1.0  AND  Dict >= 1.0,0.0,1.0,1.0,1.0,65
bi_modal_split,269,Dict = 1 AND BlockSize = 1 AND PositionBits = 1,PositionBits >= 1.0  AND  Dict >= 1.0  AND  BlockSize >= 1.0,0.0,1.0,1.0,1.0,65
tri_modal_split,269,Dict = 1 AND BlockSize = 1 AND PositionBits = 1,PositionBits >= 1.0  AND  BlockSize >= 1.0  AND  Dict >= 1.0,0.0,1.0,1.0,1.0,65
power_law,269,Dict = 1 AND BlockSize = 1 AND PositionBits = 1,PositionBits >= 1.0  AND  Dict >= 1.0  AND  0.0 <= Lc0Lp4 < 1.0  AND  BlockSize >= 1.0,1.0,0.9713193116634798,1.0,0.9442379182156134,65
normal,240,bt4 = 1 AND MemoryLimit = 1 AND Depth = 1,bt4 >= 1.0  AND  MemoryLimit >= 1.0  AND  Depth >= 1.0,0.0,1.0,1.0,1.0,66
uniform,240,bt4 = 1 AND MemoryLimit = 1 AND Depth = 1,bt4 >= 1.0  AND  Depth >= 1.0  AND  MemoryLimit >= 1.0,0.0,1.0,1.0,1.0,66
bi_modal_split,240,bt4 = 1 AND MemoryLimit = 1 AND Depth = 1,bt4 >= 1.0  AND  Depth >= 1.0  AND  MemoryLimit >= 1.0,0.0,1.0,1.0,1.0,66
tri_modal_split,240,bt4 = 1 AND MemoryLimit = 1 AND Depth = 1,bt4 >= 1.0  AND  MemoryLimit >= 1.0  AND  Depth >= 1.0,0.0,1.0,1.0,1.0,66
power_law,240,bt4 = 1 AND MemoryLimit = 1 AND Depth = 1,bt4 >= 1.0  AND  MemoryLimit >= 1.0  AND  Depth >= 1.0,0.0,1.0,1.0,1.0,66
normal,334,MemoryLimit = 1 AND Depth = 1 AND FlushTimeout = 1,0.0 <= Lc0Lp4 < 1.0  AND  FlushTimeout >= 1.0  AND  Depth >= 1.0  AND  MemoryLimit >= 1.0,0.0,0.9627329192546584,1.0,0.9281437125748504,67
uniform,334,MemoryLimit = 1 AND Depth = 1 AND FlushTimeout = 1,FlushTimeout >= 1.0  AND  MemoryLimit >= 1.0  AND  Depth >= 1.0,0.0,1.0,1.0,1.0,67
bi_modal_split,334,MemoryLimit = 1 AND Depth = 1 AND FlushTimeout = 1,MemoryLimit >= 1.0  AND  Depth >= 1.0  AND  FlushTimeout >= 1.0,0.0,1.0,1.0,1.0,67
tri_modal_split,334,MemoryLimit = 1 AND Depth = 1 AND FlushTimeout = 1,FlushTimeout >= 1.0  AND  Depth >= 1.0  AND  0.0 <= Lc1Lp3 < 1.0  AND  MemoryLimit >= 1.0,0.0,0.9754601226993864,1.0,0.9520958083832336,67
power_law,334,MemoryLimit = 1 AND Depth = 1 AND FlushTimeout = 1,FlushTimeout >= 1.0  AND  Depth >= 1.0  AND  MemoryLimit >= 1.0,0.0,1.0,1.0,1.0,67
normal,267,crc32 = 1 AND Nice = 1 AND BlockSize = 1,crc32 >= 1.0  AND  Nice >= 1.0  AND  BlockSize >= 1.0,0.0,1.0,1.0,1.0,68
uniform,267,crc32 = 1 AND Nice = 1 AND BlockSize = 1,crc32 >= 1.0  AND  Nice >= 1.0  AND  BlockSize >= 1.0,0.0,1.0,1.0,1.0,68
bi_modal_split,267,crc32 = 1 AND Nice = 1 AND BlockSize = 1,crc32 >= 1.0  AND  Nice >= 1.0  AND  BlockSize >= 1.0,0.0,1.0,1.0,1.0,68
tri_modal_split,267,crc32 = 1 AND Nice = 1 AND BlockSize = 1,crc32 >= 1.0  AND  BlockSize >= 1.0  AND  Nice >= 1.0,0.0,1.0,1.0,1.0,68
power_law,267,crc32 = 1 AND Nice = 1 AND BlockSize = 1,crc32 >= 1.0  AND  Nice >= 1.0  AND  BlockSize >= 1.0,0.0,1.0,1.0,1.0,68
normal,211,hc3 = 1 AND MemoryLimit = 1 AND BlockSize = 1,hc3 >= 1.0  AND  MemoryLimit >= 1.0  AND  BlockSize >= 1.0,0.0,1.0,1.0,1.0,69
uniform,211,hc3 = 1 AND MemoryLimit = 1 AND BlockSize = 1,hc3 >= 1.0  AND  MemoryLimit >= 1.0  AND  BlockSize >= 1.0,0.0,1.0,1.0,1.0,69
bi_modal_split,211,hc3 = 1 AND MemoryLimit = 1 AND BlockSize = 1,hc3 >= 1.0  AND  BlockSize >= 1.0  AND  MemoryLimit >= 1.0  AND  0.0 <= Lc4Lp0 < 1.0,0.0,0.9528535980148882,1.0,0.909952606635071,69
tri_modal_split,211,hc3 = 1 AND MemoryLimit = 1 AND BlockSize = 1,hc3 >= 1.0  AND  MemoryLimit >= 1.0  AND  BlockSize >= 1.0,0.0,1.0,1.0,1.0,69
power_law,211,hc3 = 1 AND MemoryLimit = 1 AND BlockSize = 1,hc3 >= 1.0  AND  Dict >= 1.0  AND  0.0 <= crc32 < 1.0,0.0,0.7707808564231738,0.8225806451612904,0.7251184834123223,69
normal,234,crc32 = 1 AND MemoryLimit = 1 AND Nice = 1,crc32 >= 1.0  AND  MemoryLimit >= 1.0  AND  Nice >= 1.0,0.0,1.0,1.0,1.0,6
uniform,234,crc32 = 1 AND MemoryLimit = 1 AND Nice = 1,crc32 >= 1.0  AND  MemoryLimit >= 1.0  AND  Nice >= 1.0,0.0,1.0,1.0,1.0,6
bi_modal_split,234,crc32 = 1 AND MemoryLimit = 1 AND Nice = 1,crc32 >= 1.0  AND  MemoryLimit >= 1.0  AND  Nice >= 1.0,0.0,1.0,1.0,1.0,6
tri_modal_split,234,crc32 = 1 AND MemoryLimit = 1 AND Nice = 1,crc32 >= 1.0  AND  MemoryLimit >= 1.0  AND  0.0 <= Lc1Lp1 < 1.0  AND  Nice >= 1.0,0.0,0.953020134228188,1.0,0.9102564102564102,6
power_law,234,crc32 = 1 AND MemoryLimit = 1 AND Nice = 1,crc32 >= 1.0  AND  MemoryLimit >= 1.0  AND  0.0 <= Lc0Lp1 < 1.0  AND  Depth >= 1.0,0.0,0.8923076923076924,0.918552036199095,0.8675213675213675,6
normal,225,Depth = 1 AND Dict = 1 AND PositionBits = 1,PositionBits >= 1.0  AND  Depth >= 1.0  AND  Dict >= 1.0,1.0,1.0,1.0,1.0,70
uniform,225,Depth = 1 AND Dict = 1 AND PositionBits = 1,PositionBits >= 1.0  AND  Depth >= 1.0  AND  Dict >= 1.0  AND  0.0 <= bt3 < 1.0,0.0,0.9726027397260272,1.0,0.9466666666666668,70
bi_modal_split,225,Depth = 1 AND Dict = 1 AND PositionBits = 1,PositionBits >= 1.0  AND  Depth >= 1.0  AND  Dict >= 1.0,0.0,1.0,1.0,1.0,70
tri_modal_split,0,Depth = 1 AND Dict = 1 AND PositionBits = 1,,,0.0,0.0,0.0,70
power_law,225,Depth = 1 AND Dict = 1 AND PositionBits = 1,PositionBits >= 1.0  AND  Depth >= 1.0  AND  Dict >= 1.0,0.0,1.0,1.0,1.0,70
normal,260,crc32 = 1 AND Dist = 1 AND BlockSize = 1,crc32 >= 1.0  AND  Dist >= 1.0  AND  BlockSize >= 1.0,0.0,1.0,1.0,1.0,71
uniform,260,crc32 = 1 AND Dist = 1 AND BlockSize = 1,crc32 >= 1.0  AND  Dist >= 1.0  AND  BlockSize >= 1.0,0.0,1.0,1.0,1.0,71
bi_modal_split,260,crc32 = 1 AND Dist = 1 AND BlockSize = 1,crc32 >= 1.0  AND  BlockSize >= 1.0  AND  Dist >= 1.0,0.0,1.0,1.0,1.0,71
tri_modal_split,260,crc32 = 1 AND Dist = 1 AND BlockSize = 1,crc32 >= 1.0  AND  Dist >= 1.0  AND  BlockSize >= 1.0,0.0,1.0,1.0,1.0,71
power_law,0,crc32 = 1 AND Dist = 1 AND BlockSize = 1,,,0.0,0.0,0.0,71
normal,233,Nice = 1 AND Dist = 1 AND PositionBits = 1,PositionBits >= 1.0  AND  0.0 <= Lc0Lp2 < 1.0  AND  Dist >= 1.0  AND  Nice >= 1.0,0.0,0.9621380846325166,1.0,0.927038626609442,72
uniform,233,Nice = 1 AND Dist = 1 AND PositionBits = 1,PositionBits >= 1.0  AND  Nice >= 1.0  AND  Dist >= 1.0,0.0,1.0,1.0,1.0,72
bi_modal_split,233,Nice = 1 AND Dist = 1 AND PositionBits = 1,PositionBits >= 1.0  AND  Nice >= 1.0  AND  Dist >= 1.0,0.0,1.0,1.0,1.0,72
tri_modal_split,233,Nice = 1 AND Dist = 1 AND PositionBits = 1,PositionBits >= 1.0  AND  Nice >= 1.0  AND  Dist >= 1.0,0.0,1.0,1.0,1.0,72
power_law,0,Nice = 1 AND Dist = 1 AND PositionBits = 1,,,0.0,0.0,0.0,72
normal,212,hc3 = 1 AND Depth = 1 AND BlockSize = 1,hc3 >= 1.0  AND  Depth >= 1.0  AND  BlockSize >= 1.0,0.0,1.0,1.0,1.0,73
uniform,212,hc3 = 1 AND Depth = 1 AND BlockSize = 1,hc3 >= 1.0  AND  Depth >= 1.0  AND  BlockSize >= 1.0,0.0,1.0,1.0,1.0,73
bi_modal_split,212,hc3 = 1 AND Depth = 1 AND BlockSize = 1,hc3 >= 1.0  AND  Depth >= 1.0  AND  BlockSize >= 1.0,0.0,1.0,1.0,1.0,73
tri_modal_split,212,hc3 = 1 AND Depth = 1 AND BlockSize = 1,hc3 >= 1.0  AND  BlockSize >= 1.0  AND  Depth >= 1.0,0.0,1.0,1.0,1.0,73
power_law,212,hc3 = 1 AND Depth = 1 AND BlockSize = 1,hc3 >= 1.0  AND  Depth >= 1.0  AND  BlockSize >= 1.0,0.0,1.0,1.0,1.0,73
normal,330,Nice = 1 AND Depth = 1 AND FlushTimeout = 1,0.0 <= Lc0Lp2 < 1.0  AND  FlushTimeout >= 1.0  AND  Nice >= 1.0  AND  Depth >= 1.0,0.0,0.9846153846153848,1.0,0.9696969696969696,74
uniform,330,Nice = 1 AND Depth = 1 AND FlushTimeout = 1,FlushTimeout >= 1.0  AND  Nice >= 1.0  AND  Depth >= 1.0  AND  Dict >= 1.0,0.0,0.9767441860465116,1.0,0.9545454545454546,74
bi_modal_split,330,Nice = 1 AND Depth = 1 AND FlushTimeout = 1,FlushTimeout >= 1.0  AND  Nice >= 1.0  AND  Depth >= 1.0,1.0,1.0,1.0,1.0,74
tri_modal_split,330,Nice = 1 AND Depth = 1 AND FlushTimeout = 1,FlushTimeout >= 1.0  AND  Depth >= 1.0  AND  Nice >= 1.0,0.0,1.0,1.0,1.0,74
power_law,330,Nice = 1 AND Depth = 1 AND FlushTimeout = 1,FlushTimeout >= 1.0  AND  Nice >= 1.0  AND  Depth >= 1.0,0.0,1.0,1.0,1.0,74
normal,211,hc3 = 1 AND MemoryLimit = 1 AND BlockSize = 1,hc3 >= 1.0  AND  BlockSize >= 1.0  AND  MemoryLimit >= 1.0,0.0,1.0,1.0,1.0,75
uniform,211,hc3 = 1 AND MemoryLimit = 1 AND BlockSize = 1,hc3 >= 1.0  AND  MemoryLimit >= 1.0  AND  BlockSize >= 1.0,0.0,1.0,1.0,1.0,75
bi_modal_split,211,hc3 = 1 AND MemoryLimit = 1 AND BlockSize = 1,hc3 >= 1.0  AND  MemoryLimit >= 1.0  AND  BlockSize >= 1.0,0.0,1.0,1.0,1.0,75
tri_modal_split,211,hc3 = 1 AND MemoryLimit = 1 AND BlockSize = 1,hc3 >= 1.0  AND  MemoryLimit >= 1.0  AND  BlockSize >= 1.0,0.0,1.0,1.0,1.0,75
power_law,211,hc3 = 1 AND MemoryLimit = 1 AND BlockSize = 1,hc3 >= 1.0  AND  BlockSize >= 1.0  AND  0.0 <= PositionBits < 1.0  AND  MemoryLimit >= 1.0,0.0,0.8045325779036826,1.0,0.6729857819905213,75
normal,225,Depth = 1 AND Dict = 1 AND PositionBits = 1,PositionBits >= 1.0  AND  Depth >= 1.0  AND  Dict >= 1.0,0.0,1.0,1.0,1.0,76
uniform,225,Depth = 1 AND Dict = 1 AND PositionBits = 1,PositionBits >= 1.0  AND  0.0 <= Lc4Lp0 < 1.0  AND  Depth >= 1.0  AND  Dict >= 1.0,0.0,0.9655172413793104,1.0,0.9333333333333332,76
bi_modal_split,225,Depth = 1 AND Dict = 1 AND PositionBits = 1,PositionBits >= 1.0  AND  Dict >= 1.0  AND  Depth >= 1.0,0.0,1.0,1.0,1.0,76
tri_modal_split,225,Depth = 1 AND Dict = 1 AND PositionBits = 1,PositionBits >= 1.0  AND  Depth >= 1.0  AND  Dict >= 1.0,0.0,1.0,1.0,1.0,76
power_law,225,Depth = 1 AND Dict = 1 AND PositionBits = 1,PositionBits >= 1.0  AND  Depth >= 1.0  AND  Dict >= 1.0,0.0,1.0,1.0,1.0,76
normal,248,bt4 = 1 AND MemoryLimit = 1 AND Dict = 1,bt4 >= 1.0  AND  0.0 <= Lc1Lp0 < 1.0  AND  MemoryLimit >= 1.0  AND  Dict >= 1.0,0.0,0.9666666666666666,1.0,0.935483870967742,77
uniform,248,bt4 = 1 AND MemoryLimit = 1 AND Dict = 1,bt4 >= 1.0  AND  MemoryLimit >= 1.0  AND  Dict >= 1.0,0.0,1.0,1.0,1.0,77
bi_modal_split,248,bt4 = 1 AND MemoryLimit = 1 AND Dict = 1,bt4 >= 1.0  AND  MemoryLimit >= 1.0  AND  Dict >= 1.0,0.0,1.0,1.0,1.0,77
tri_modal_split,248,bt4 = 1 AND MemoryLimit = 1 AND Dict = 1,bt4 >= 1.0  AND  MemoryLimit >= 1.0  AND  Dict >= 1.0  AND  0.0 <= Lc0Lp0 < 1.0,0.0,0.9356223175965666,1.0,0.8790322580645161,77
power_law,248,bt4 = 1 AND MemoryLimit = 1 AND Dict = 1,bt4 >= 1.0  AND  MemoryLimit >= 1.0  AND  Depth >= 1.0  AND  Dist >= 1.0,0.0,0.8639308855291575,0.9302325581395348,0.8064516129032258,77
normal,330,Nice = 1 AND Depth = 1 AND FlushTimeout = 1,FlushTimeout >= 1.0  AND  Depth >= 1.0  AND  Nice >= 1.0,0.0,1.0,1.0,1.0,78
uniform,330,Nice = 1 AND Depth = 1 AND FlushTimeout = 1,FlushTimeout >= 1.0  AND  Nice >= 1.0  AND  Depth >= 1.0,0.0,1.0,1.0,1.0,78
bi_modal_split,330,Nice = 1 AND Depth = 1 AND FlushTimeout = 1,FlushTimeout >= 1.0  AND  Depth >= 1.0  AND  Nice >= 1.0,0.0,1.0,1.0,1.0,78
tri_modal_split,330,Nice = 1 AND Depth = 1 AND FlushTimeout = 1,FlushTimeout >= 1.0  AND  Nice >= 1.0  AND  Depth >= 1.0,0.0,1.0,1.0,1.0,78
power_law,330,Nice = 1 AND Depth = 1 AND FlushTimeout = 1,0.0 <= bt3 < 1.0  AND  FlushTimeout >= 1.0  AND  PositionBits >= 1.0  AND  0.0 <= none < 1.0,1.0,0.3140877598152424,0.6601941747572816,0.206060606060606,78
normal,231,Depth = 1 AND Dist = 1 AND PositionBits = 1,PositionBits >= 1.0  AND  0.0 <= Lc0Lp4 < 1.0  AND  Depth >= 1.0  AND  Dist >= 1.0,0.0,0.9571106094808126,1.0,0.9177489177489178,79
uniform,231,Depth = 1 AND Dist = 1 AND PositionBits = 1,PositionBits >= 1.0  AND  Depth >= 1.0  AND  Dist >= 1.0,3.0,1.0,1.0,1.0,79
bi_modal_split,231,Depth = 1 AND Dist = 1 AND PositionBits = 1,PositionBits >= 1.0  AND  Depth >= 1.0  AND  Dist >= 1.0  AND  0.0 <= Lc1Lp0 < 1.0,0.0,0.9710467706013364,1.0,0.9437229437229436,79
tri_modal_split,231,Depth = 1 AND Dist = 1 AND PositionBits = 1,PositionBits >= 1.0  AND  Depth >= 1.0  AND  Dist >= 1.0,0.0,1.0,1.0,1.0,79
power_law,231,Depth = 1 AND Dist = 1 AND PositionBits = 1,PositionBits >= 1.0  AND  Depth >= 1.0  AND  Dist >= 1.0  AND  0.0 <= bt2 < 1.0,0.0,0.9571106094808126,1.0,0.9177489177489178,79
normal,387,MemoryLimit = 1 AND Multithreading = 1 AND BlockSize = 1,MemoryLimit >= 1.0  AND  Multithreading >= 1.0  AND  BlockSize >= 1.0,0.0,1.0,1.0,1.0,7
uniform,387,MemoryLimit = 1 AND Multithreading = 1 AND BlockSize = 1,BlockSize >= 1.0  AND  Multithreading >= 1.0  AND  MemoryLimit >= 1.0,0.0,1.0,1.0,1.0,7
bi_modal_split,387,MemoryLimit = 1 AND Multithreading = 1 AND BlockSize = 1,BlockSize >= 1.0  AND  Multithreading >= 1.0,0.0,0.8533627342888644,0.7442307692307693,1.0,7
tri_modal_split,387,MemoryLimit = 1 AND Multithreading = 1 AND BlockSize = 1,BlockSize >= 1.0  AND  Multithreading >= 1.0  AND  MemoryLimit >= 1.0,0.0,1.0,1.0,1.0,7
power_law,387,MemoryLimit = 1 AND Multithreading = 1 AND BlockSize = 1,BlockSize >= 1.0  AND  Multithreading >= 1.0  AND  MemoryLimit >= 1.0  AND  Depth >= 1.0,1.0,0.954054054054054,1.0,0.9121447028423773,7
normal,398,Dict = 1 AND Multithreading = 1 AND BlockSize = 1,BlockSize >= 1.0  AND  Multithreading >= 1.0  AND  Dict >= 1.0,0.0,1.0,1.0,1.0,80
uniform,398,Dict = 1 AND Multithreading = 1 AND BlockSize = 1,Dict >= 1.0  AND  Multithreading >= 1.0  AND  BlockSize >= 1.0,0.0,1.0,1.0,1.0,80
bi_modal_split,398,Dict = 1 AND Multithreading = 1 AND BlockSize = 1,BlockSize >= 1.0  AND  Multithreading >= 1.0  AND  Dict >= 1.0,0.0,1.0,1.0,1.0,80
tri_modal_split,398,Dict = 1 AND Multithreading = 1 AND BlockSize = 1,BlockSize >= 1.0  AND  Multithreading >= 1.0  AND  Dict >= 1.0  AND  0.0 <= Lc3Lp0 < 1.0,0.0,0.9702457956015524,1.0,0.942211055276382,80
power_law,398,Dict = 1 AND Multithreading = 1 AND BlockSize = 1,Dict >= 1.0  AND  Multithreading >= 1.0  AND  Depth >= 1.0  AND  Dist >= 1.0,0.0,0.8340080971659919,0.9008746355685132,0.7763819095477387,80
normal,238,bt4 = 1 AND Depth = 1 AND Dict = 1,bt4 >= 1.0  AND  Dict >= 1.0  AND  Depth >= 1.0,1.0,1.0,1.0,1.0,81
uniform,238,bt4 = 1 AND Depth = 1 AND Dict = 1,Depth >= 1.0  AND  Dict >= 1.0  AND  bt4 >= 1.0,0.0,1.0,1.0,1.0,81
bi_modal_split,238,bt4 = 1 AND Depth = 1 AND Dict = 1,bt4 >= 1.0  AND  Depth >= 1.0  AND  Dict >= 1.0,0.0,1.0,1.0,1.0,81
tri_modal_split,238,bt4 = 1 AND Depth = 1 AND Dict = 1,bt4 >= 1.0  AND  Depth >= 1.0  AND  Dict >= 1.0,0.0,1.0,1.0,1.0,81
power_law,238,bt4 = 1 AND Depth = 1 AND Dict = 1,bt4 >= 1.0  AND  MemoryLimit >= 1.0  AND  Depth >= 1.0,1.0,0.9205020920502092,0.9166666666666666,0.9243697478991596,81
normal,233,Nice = 1 AND Dist = 1 AND PositionBits = 1,PositionBits >= 1.0  AND  Dist >= 1.0  AND  Nice >= 1.0,0.0,1.0,1.0,1.0,82
uniform,233,Nice = 1 AND Dist = 1 AND PositionBits = 1,PositionBits >= 1.0  AND  Nice >= 1.0  AND  Dist >= 1.0,0.0,1.0,1.0,1.0,82
bi_modal_split,233,Nice = 1 AND Dist = 1 AND PositionBits = 1,PositionBits >= 1.0  AND  Dist >= 1.0  AND  Nice >= 1.0,0.0,1.0,1.0,1.0,82
tri_modal_split,233,Nice = 1 AND Dist = 1 AND PositionBits = 1,Nice >= 1.0  AND  Dist >= 1.0  AND  PositionBits >= 1.0  AND  0.0 <= bt4 < 1.0,0.0,0.8261964735516373,1.0,0.703862660944206,82
power_law,233,Nice = 1 AND Dist = 1 AND PositionBits = 1,PositionBits >= 1.0  AND  Dist >= 1.0  AND  Nice >= 1.0,0.0,1.0,1.0,1.0,82
normal,225,Depth = 1 AND Dict = 1 AND PositionBits = 1,PositionBits >= 1.0  AND  Depth >= 1.0  AND  Dict >= 1.0  AND  0.0 <= Lc0Lp0 < 1.0,0.0,0.9655172413793104,1.0,0.9333333333333332,83
uniform,225,Depth = 1 AND Dict = 1 AND PositionBits = 1,PositionBits >= 1.0  AND  Depth >= 1.0  AND  Dict >= 1.0,0.0,1.0,1.0,1.0,83
bi_modal_split,0,Depth = 1 AND Dict = 1 AND PositionBits = 1,,,0.0,0.0,0.0,83
tri_modal_split,0,Depth = 1 AND Dict = 1 AND PositionBits = 1,,,0.0,0.0,0.0,83
power_law,225,Depth = 1 AND Dict = 1 AND PositionBits = 1,PositionBits >= 1.0  AND  Depth >= 1.0  AND  Dict >= 1.0  AND  MemoryLimit >= 1.0,0.0,0.9411764705882352,1.0,0.8888888888888888,83
normal,261,Dist = 1 AND BlockSize = 1 AND PositionBits = 1,PositionBits >= 1.0  AND  Dist >= 1.0  AND  0.0 <= hc3 < 1.0  AND  BlockSize >= 1.0,0.0,0.8502202643171807,1.0,0.7394636015325671,84
uniform,261,Dist = 1 AND BlockSize = 1 AND PositionBits = 1,PositionBits >= 1.0  AND  Dist >= 1.0  AND  BlockSize >= 1.0,0.0,1.0,1.0,1.0,84
bi_modal_split,261,Dist = 1 AND BlockSize = 1 AND PositionBits = 1,hc3 >= 1.0  AND  0.0 <= BlockSize < 1.0  AND  0.0 <= none < 1.0  AND  0.0 <= Depth < 1.0,0.0,0.0,0.0,0.0,84
tri_modal_split,0,Dist = 1 AND BlockSize = 1 AND PositionBits = 1,,,0.0,0.0,0.0,84
power_law,261,Dist = 1 AND BlockSize = 1 AND PositionBits = 1,PositionBits >= 1.0  AND  Dist >= 1.0  AND  0.0 <= Lc0Lp2 < 1.0  AND  BlockSize >= 1.0,0.0,0.956,1.0,0.9157088122605364,84
normal,216,crc32 = 1 AND MemoryLimit = 1 AND Dist = 1,crc32 >= 1.0  AND  MemoryLimit >= 1.0  AND  Dist >= 1.0,0.0,1.0,1.0,1.0,85
uniform,216,crc32 = 1 AND MemoryLimit = 1 AND Dist = 1,crc32 >= 1.0  AND  Dist >= 1.0  AND  MemoryLimit >= 1.0,0.0,1.0,1.0,1.0,85
bi_modal_split,216,crc32 = 1 AND MemoryLimit = 1 AND Dist = 1,crc32 >= 1.0  AND  Dist >= 1.0  AND  0.0 <= Lc0Lp1 < 1.0  AND  MemoryLimit >= 1.0,0.0,0.9411764705882352,1.0,0.8888888888888888,85
tri_modal_split,216,crc32 = 1 AND MemoryLimit = 1 AND Dist = 1,crc32 >= 1.0  AND  Dist >= 1.0  AND  MemoryLimit >= 1.0,0.0,1.0,1.0,1.0,85
power_law,0,crc32 = 1 AND MemoryLimit = 1 AND Dist = 1,,,0.0,0.0,0.0,85
normal,335,MemoryLimit = 1 AND Nice = 1 AND FlushTimeout = 1,MemoryLimit >= 1.0  AND  Nice >= 1.0  AND  FlushTimeout >= 1.0  AND  0.0 <= Lc0Lp4 < 1.0,0.0,0.9612403100775194,1.0,0.9253731343283582,86
uniform,335,MemoryLimit = 1 AND Nice = 1 AND FlushTimeout = 1,FlushTimeout >= 1.0  AND  MemoryLimit >= 1.0  AND  Nice >= 1.0,0.0,1.0,1.0,1.0,86
bi_modal_split,335,MemoryLimit = 1 AND Nice = 1 AND FlushTimeout = 1,FlushTimeout >= 1.0  AND  Nice >= 1.0  AND  MemoryLimit >= 1.0  AND  0.0 <= Lc0Lp4 < 1.0,0.0,0.9612403100775194,1.0,0.9253731343283582,86
tri_modal_split,335,MemoryLimit = 1 AND Nice = 1 AND FlushTimeout = 1,FlushTimeout >= 1.0  AND  Nice >= 1.0  AND  MemoryLimit >= 1.0,0.0,1.0,1.0,1.0,86
power_law,335,MemoryLimit = 1 AND Nice = 1 AND FlushTimeout = 1,FlushTimeout >= 1.0  AND  MemoryLimit >= 1.0  AND  Depth >= 1.0  AND  Nice >= 1.0,0.0,0.9331210191082804,1.0,0.8746268656716418,86
normal,214,hc3 = 1 AND Dict = 1 AND Dist = 1,Dict >= 1.0  AND  hc3 >= 1.0  AND  Dist >= 1.0,1.0,1.0,1.0,1.0,87
uniform,214,hc3 = 1 AND Dict = 1 AND Dist = 1,hc3 >= 1.0  AND  Dict >= 1.0  AND  Dist >= 1.0,0.0,1.0,1.0,1.0,87
bi_modal_split,214,hc3 = 1 AND Dict = 1 AND Dist = 1,hc3 >= 1.0  AND  Dist >= 1.0  AND  Dict >= 1.0,0.0,1.0,1.0,1.0,87
tri_modal_split,214,hc3 = 1 AND Dict = 1 AND Dist = 1,hc3 >= 1.0  AND  Dist >= 1.0  AND  Dict >= 1.0,0.0,1.0,1.0,1.0,87
power_law,214,hc3 = 1 AND Dict = 1 AND Dist = 1,hc3 >= 1.0  AND  Dict >= 1.0  AND  Dist >= 1.0  AND  0.0 <= crc32 < 1.0,0.0,0.8647214854111406,1.0,0.7616822429906542,87
normal,396,Nice = 1 AND Dist = 1 AND Multithreading = 1,Nice >= 1.0  AND  Dist >= 1.0  AND  Multithreading >= 1.0  AND  0.0 <= sha256 < 1.0,0.0,0.8750000000000001,1.0,0.7777777777777778,88
uniform,396,Nice = 1 AND Dist = 1 AND Multithreading = 1,Nice >= 1.0  AND  Dist >= 1.0  AND  Multithreading >= 1.0,0.0,1.0,1.0,1.0,88
bi_modal_split,396,Nice = 1 AND Dist = 1 AND Multithreading = 1,Nice >= 1.0  AND  Multithreading >= 1.0  AND  Dist >= 1.0,0.0,1.0,1.0,1.0,88
tri_modal_split,396,Nice = 1 AND Dist = 1 AND Multithreading = 1,Nice >= 1.0  AND  Multithreading >= 1.0  AND  Dist >= 1.0,0.0,1.0,1.0,1.0,88
power_law,396,Nice = 1 AND Dist = 1 AND Multithreading = 1,Nice >= 1.0  AND  Multithreading >= 1.0  AND  Dict >= 1.0  AND  Dist >= 1.0,0.0,0.9209809264305178,1.0,0.8535353535353535,88
normal,254,crc32 = 1 AND Nice = 1 AND Dict = 1,crc32 >= 1.0  AND  Dict >= 1.0  AND  0.0 <= PositionBits < 1.0  AND  Nice >= 1.0,0.0,0.7962085308056872,1.0,0.6614173228346457,89
uniform,254,crc32 = 1 AND Nice = 1 AND Dict = 1,crc32 >= 1.0  AND  Nice >= 1.0  AND  Dict >= 1.0,0.0,1.0,1.0,1.0,89
bi_modal_split,254,crc32 = 1 AND Nice = 1 AND Dict = 1,Nice >= 1.0  AND  Dict >= 1.0  AND  crc32 >= 1.0,0.0,1.0,1.0,1.0,89
tri_modal_split,254,crc32 = 1 AND Nice = 1 AND Dict = 1,crc32 >= 1.0  AND  Nice >= 1.0  AND  Dict >= 1.0,1.0,1.0,1.0,1.0,89
power_law,254,crc32 = 1 AND Nice = 1 AND Dict = 1,crc32 >= 1.0  AND  Nice >= 1.0  AND  Dict >= 1.0  AND  0.0 <= Lc0Lp1 < 1.0,0.0,0.9350104821802936,1.0,0.8779527559055118,89
normal,214,hc3 = 1 AND Depth = 1 AND Dict = 1,hc3 >= 1.0  AND  0.0 <= Lc1Lp0 < 1.0  AND  Depth >= 1.0  AND  Dict >= 1.0,0.0,0.966183574879227,1.0,0.9345794392523364,8
uniform,214,hc3 = 1 AND Depth = 1 AND Dict = 1,hc3 >= 1.0  AND  Depth >= 1.0  AND  Dict >= 1.0,0.0,1.0,1.0,1.0,8
bi_modal_split,214,hc3 = 1 AND Depth = 1 AND Dict = 1,hc3 >= 1.0  AND  Depth >= 1.0  AND  Dict >= 1.0,0.0,1.0,1.0,1.0,8
tri_modal_split,214,hc3 = 1 AND Depth = 1 AND Dict = 1,hc3 >= 1.0  AND  Dict >= 1.0,2.0,0.936542669584245,0.8806584362139918,1.0,8
power_law,214,hc3 = 1 AND Depth = 1 AND Dict = 1,FlushTimeout >= 1.0  AND  hc3 >= 1.0  AND  Depth >= 1.0,1.0,0.6417445482866043,0.9626168224299064,0.4813084112149532,8
normal,237,bt4 = 1 AND Nice = 1 AND Dist = 1,bt4 >= 1.0  AND  0.0 <= Lc2Lp2 < 1.0  AND  Nice >= 1.0  AND  Dist >= 1.0,0.0,0.9828326180257512,1.0,0.9662447257383966,90
uniform,237,bt4 = 1 AND Nice = 1 AND Dist = 1,bt4 >= 1.0  AND  Nice >= 1.0  AND  Depth >= 1.0  AND  Dist >= 1.0,0.0,0.9419642857142856,1.0,0.890295358649789,90
bi_modal_split,237,bt4 = 1 AND Nice = 1 AND Dist = 1,bt4 >= 1.0  AND  Nice >= 1.0  AND  Dist >= 1.0,0.0,1.0,1.0,1.0,90
tri_modal_split,0,bt4 = 1 AND Nice = 1 AND Dist = 1,,,0.0,0.0,0.0,90
power_law,237,bt4 = 1 AND Nice = 1 AND Dist = 1,bt4 >= 1.0  AND  Nice >= 1.0  AND  Dist >= 1.0,0.0,1.0,1.0,1.0,90
normal,239,Depth = 1 AND BlockSize = 1 AND PositionBits = 1,0.0 <= bt3 < 1.0  AND  Depth >= 1.0  AND  PositionBits >= 1.0  AND  BlockSize >= 1.0,0.0,0.9494505494505494,1.0,0.9037656903765692,91
uniform,239,Depth = 1 AND BlockSize = 1 AND PositionBits = 1,PositionBits >= 1.0  AND  Depth >= 1.0  AND  BlockSize >= 1.0,0.0,1.0,1.0,1.0,91
bi_modal_split,239,Depth = 1 AND BlockSize = 1 AND PositionBits = 1,PositionBits >= 1.0  AND  Depth >= 1.0  AND  BlockSize >= 1.0,0.0,1.0,1.0,1.0,91
tri_modal_split,239,Depth = 1 AND BlockSize = 1 AND PositionBits = 1,PositionBits >= 1.0  AND  Depth >= 1.0  AND  BlockSize >= 1.0,0.0,1.0,1.0,1.0,91
power_law,239,Depth = 1 AND BlockSize = 1 AND PositionBits = 1,PositionBits >= 1.0  AND  Depth >= 1.0  AND  BlockSize >= 1.0  AND  0.0 <= Lc2Lp2 < 1.0,0.0,0.963123644251627,1.0,0.9288702928870292,91
normal,239,Depth = 1 AND BlockSize = 1 AND PositionBits = 1,PositionBits >= 1.0  AND  Depth >= 1.0  AND  BlockSize >= 1.0,0.0,1.0,1.0,1.0,92
uniform,239,Depth = 1 AND BlockSize = 1 AND PositionBits = 1,PositionBits >= 1.0  AND  Depth >= 1.0  AND  BlockSize >= 1.0,0.0,1.0,1.0,1.0,92
bi_modal_split,239,Depth = 1 AND BlockSize = 1 AND PositionBits = 1,PositionBits >= 1.0  AND  Depth >= 1.0,0.0,0.8835489833641405,0.7913907284768212,1.0,92
tri_modal_split,239,Depth = 1 AND BlockSize = 1 AND PositionBits = 1,PositionBits >= 1.0  AND  BlockSize >= 1.0  AND  0.0 <= bt3 < 1.0  AND  Depth >= 1.0,2.0,0.9494505494505494,1.0,0.9037656903765692,92
power_law,239,Depth = 1 AND BlockSize = 1 AND PositionBits = 1,PositionBits >= 1.0  AND  BlockSize >= 1.0  AND  0.0 <= Lc1Lp1 < 1.0  AND  Depth >= 1.0,0.0,0.9540481400437636,1.0,0.9121338912133892,92
normal,209,hc3 = 1 AND Depth = 1 AND Dist = 1,hc3 >= 1.0  AND  Depth >= 1.0  AND  Dist >= 1.0,0.0,1.0,1.0,1.0,93
uniform,209,hc3 = 1 AND Depth = 1 AND Dist = 1,hc3 >= 1.0  AND  Depth >= 1.0  AND  Dist >= 1.0,0.0,1.0,1.0,1.0,93
bi_modal_split,209,hc3 = 1 AND Depth = 1 AND Dist = 1,hc3 >= 1.0  AND  Depth >= 1.0  AND  Dist >= 1.0,0.0,1.0,1.0,1.0,93
tri_modal_split,209,hc3 = 1 AND Depth = 1 AND Dist = 1,hc3 >= 1.0  AND  Dist >= 1.0  AND  Depth >= 1.0,0.0,1.0,1.0,1.0,93
power_law,209,hc3 = 1 AND Depth = 1 AND Dist = 1,hc3 >= 1.0  AND  Depth >= 1.0  AND  0.0 <= PositionBits < 1.0  AND  Nice >= 1.0,0.0,0.7314285714285714,0.9078014184397164,0.6124401913875598,93
normal,205,none = 1 AND Dict = 1 AND BlockSize = 1,none >= 1.0  AND  Dict >= 1.0  AND  BlockSize >= 1.0,0.0,1.0,1.0,1.0,94
uniform,205,none = 1 AND Dict = 1 AND BlockSize = 1,none >= 1.0  AND  Dict >= 1.0  AND  BlockSize >= 1.0  AND  0.0 <= Lc1Lp1 < 1.0,0.0,0.9460154241645244,1.0,0.8975609756097561,94
bi_modal_split,205,none = 1 AND Dict = 1 AND BlockSize = 1,none >= 1.0  AND  Dict >= 1.0  AND  0.0 <= Lc0Lp0 < 1.0  AND  BlockSize >= 1.0,0.0,0.9593908629441624,1.0,0.9219512195121952,94
tri_modal_split,205,none = 1 AND Dict = 1 AND BlockSize = 1,none >= 1.0  AND  Dict >= 1.0  AND  BlockSize >= 1.0,1.0,1.0,1.0,1.0,94
power_law,205,none = 1 AND Dict = 1 AND BlockSize = 1,none >= 1.0  AND  Dict >= 1.0  AND  0.0 <= bt3 < 1.0  AND  0.0 <= Lc0Lp4 < 1.0,0.0,0.8571428571428572,0.8983957219251337,0.8195121951219512,94
normal,256,crc32 = 1 AND Nice = 1 AND Depth = 1,crc32 >= 1.0  AND  Depth >= 1.0  AND  Nice >= 1.0  AND  0.0 <= Lc0Lp4 < 1.0,0.0,0.9635627530364372,1.0,0.9296875,95
uniform,256,crc32 = 1 AND Nice = 1 AND Depth = 1,crc32 >= 1.0  AND  Depth >= 1.0  AND  Nice >= 1.0,0.0,1.0,1.0,1.0,95
bi_modal_split,256,crc32 = 1 AND Nice = 1 AND Depth = 1,crc32 >= 1.0  AND  Depth >= 1.0  AND  Nice >= 1.0,0.0,1.0,1.0,1.0,95
tri_modal_split,256,crc32 = 1 AND Nice = 1 AND Depth = 1,crc32 >= 1.0  AND  Depth >= 1.0  AND  Nice >= 1.0,0.0,1.0,1.0,1.0,95
power_law,256,crc32 = 1 AND Nice = 1 AND Depth = 1,crc32 >= 1.0  AND  Nice >= 1.0  AND  Depth >= 1.0  AND  0.0 <= PositionBits < 1.0,1.0,0.8009367681498829,1.0,0.66796875,95
normal,237,bt4 = 1 AND Nice = 1 AND Depth = 1,bt4 >= 1.0  AND  Nice >= 1.0  AND  Depth >= 1.0,0.0,1.0,1.0,1.0,96
uniform,237,bt4 = 1 AND Nice = 1 AND Depth = 1,bt4 >= 1.0  AND  Nice >= 1.0  AND  Depth >= 1.0,0.0,1.0,1.0,1.0,96
bi_modal_split,237,bt4 = 1 AND Nice = 1 AND Depth = 1,bt4 >= 1.0  AND  Depth >= 1.0  AND  Nice >= 1.0,0.0,1.0,1.0,1.0,96
tri_modal_split,237,bt4 = 1 AND Nice = 1 AND Depth = 1,bt4 >= 1.0  AND  Depth >= 1.0  AND  Nice >= 1.0  AND  0.0 <= crc64 < 1.0,0.0,0.8873239436619719,1.0,0.7974683544303798,96
power_law,237,bt4 = 1 AND Nice = 1 AND Depth = 1,bt4 >= 1.0  AND  Nice >= 1.0  AND  Depth >= 1.0,0.0,1.0,1.0,1.0,96
normal,229,crc32 = 1 AND MemoryLimit = 1 AND BlockSize = 1,crc32 >= 1.0  AND  BlockSize >= 1.0  AND  MemoryLimit >= 1.0  AND  0.0 <= bt2 < 1.0,0.0,0.9471264367816092,1.0,0.8995633187772926,97
uniform,229,crc32 = 1 AND MemoryLimit = 1 AND BlockSize = 1,crc32 >= 1.0  AND  MemoryLimit >= 1.0  AND  BlockSize >= 1.0,0.0,1.0,1.0,1.0,97
bi_modal_split,229,crc32 = 1 AND MemoryLimit = 1 AND BlockSize = 1,crc32 >= 1.0  AND  MemoryLimit >= 1.0  AND  0.0 <= Lc0Lp2 < 1.0  AND  BlockSize >= 1.0,0.0,0.9519450800915332,1.0,0.9082969432314412,97
tri_modal_split,229,crc32 = 1 AND MemoryLimit = 1 AND BlockSize = 1,crc32 >= 1.0  AND  MemoryLimit >= 1.0  AND  BlockSize >= 1.0,0.0,1.0,1.0,1.0,97
power_law,0,crc32 = 1 AND MemoryLimit = 1 AND BlockSize = 1,,,0.0,0.0,0.0,97
normal,336,Depth = 1 AND Dist = 1 AND FlushTimeout = 1,FlushTimeout >= 1.0  AND  Depth >= 1.0  AND  Dist >= 1.0  AND  0.0 <= hc4 < 1.0,0.0,0.9196141479099678,1.0,0.8511904761904762,98
uniform,336,Depth = 1 AND Dist = 1 AND FlushTimeout = 1,FlushTimeout >= 1.0  AND  Dist >= 1.0  AND  Depth >= 1.0,0.0,1.0,1.0,1.0,98
bi_modal_split,336,Depth = 1 AND Dist = 1 AND FlushTimeout = 1,FlushTimeout >= 1.0  AND  Dist >= 1.0  AND  Depth >= 1.0,0.0,1.0,1.0,1.0,98
tri_modal_split,336,Depth = 1 AND Dist = 1 AND FlushTimeout = 1,FlushTimeout >= 1.0  AND  Depth >= 1.0,0.0,0.9478138222849084,0.900804289544236,1.0,98
power_law,336,Depth = 1 AND Dist = 1 AND FlushTimeout = 1,FlushTimeout >= 1.0  AND  Dist >= 1.0  AND  Depth >= 1.0,0.0,1.0,1.0,1.0,98
normal,206,hc3 = 1 AND MemoryLimit = 1 AND Nice = 1,hc3 >= 1.0  AND  MemoryLimit >= 1.0  AND  Nice >= 1.0  AND  0.0 <= Lc1Lp3 < 1.0,0.0,0.9622166246851386,1.0,0.9271844660194176,99
uniform,206,hc3 = 1 AND MemoryLimit = 1 AND Nice = 1,hc3 >= 1.0  AND  0.0 <= Lc1Lp3 < 1.0  AND  Nice >= 1.0  AND  MemoryLimit >= 1.0,0.0,0.9622166246851386,1.0,0.9271844660194176,99
bi_modal_split,206,hc3 = 1 AND MemoryLimit = 1 AND Nice = 1,hc3 >= 1.0  AND  MemoryLimit >= 1.0  AND  Nice >= 1.0,0.0,1.0,1.0,1.0,99
tri_modal_split,206,hc3 = 1 AND MemoryLimit = 1 AND Nice = 1,hc3 >= 1.0  AND  Dist >= 1.0  AND  MemoryLimit >= 1.0  AND  0.0 <= Lc1Lp3 < 1.0,0.0,0.8781725888324872,0.9202127659574468,0.8398058252427184,99
power_law,206,hc3 = 1 AND MemoryLimit = 1 AND Nice = 1,hc3 >= 1.0  AND  MemoryLimit >= 1.0  AND  Nice >= 1.0,0.0,1.0,1.0,1.0,99
normal,206,none = 1 AND Depth = 1 AND BlockSize = 1,none >= 1.0  AND  Depth >= 1.0  AND  BlockSize >= 1.0  AND  0.0 <= hc4 < 1.0,0.0,0.9270833333333331,1.0,0.8640776699029126,9
uniform,206,none = 1 AND Depth = 1 AND BlockSize = 1,none >= 1.0  AND  Depth >= 1.0  AND  BlockSize >= 1.0  AND  0.0 <= Lc0Lp4 < 1.0,0.0,0.9751243781094528,1.0,0.9514563106796116,9
bi_modal_split,206,none = 1 AND Depth = 1 AND BlockSize = 1,PositionBits >= 1.0  AND  bt2 >= 1.0  AND  0.0 <= none < 1.0,0.0,0.0,0.0,0.0,9
tri_modal_split,0,none = 1 AND Depth = 1 AND BlockSize = 1,,,0.0,0.0,0.0,9
power_law,206,none = 1 AND Depth = 1 AND BlockSize = 1,none >= 1.0  AND  Depth >= 1.0  AND  0.0 <= Lc0Lp4 < 1.0  AND  BlockSize >= 1.0,1.0,0.9751243781094528,1.0,0.9514563106796116,9
