n_groups,f1_0,precision_0,recall_0,f1_1,precision_1,recall_1,f1_2,precision_2,recall_2,seed,runtime
1,1.0,1.0,1.0,0.0,0.0,0.0,0.0,0.0,0.0,0,0.0507478713989257
2,1.0,1.0,1.0,1.0,1.0,1.0,0.0,0.0,0.0,0,0.0484352111816406
3,1.0,1.0,1.0,0.0,0.0,0.0,1.0,1.0,1.0,0,0.0487256050109863
1,1.0,1.0,1.0,0.0,0.0,0.0,0.0,0.0,0.0,1,0.0572638511657714
2,1.0,1.0,1.0,1.0,1.0,1.0,0.0,0.0,0.0,1,0.0550899505615234
3,1.0,1.0,1.0,0.0,0.0,0.0,1.0,1.0,1.0,1,0.0552926063537597
1,1.0,1.0,1.0,0.0,0.0,0.0,0.0,0.0,0.0,10,0.0476891994476318
2,0.0,0.0,0.0,1.0,1.0,1.0,0.0,0.0,0.0,10,0.045760154724121
3,1.0,1.0,1.0,0.0,0.0,0.0,1.0,1.0,1.0,10,0.0452973842620849
1,0.1538461538461538,1.0,0.0833333333333333,0.0,0.0,0.0,0.0,0.0,0.0,11,0.0451233386993408
2,1.0,1.0,1.0,1.0,1.0,1.0,0.0,0.0,0.0,11,0.0438129901885986
3,1.0,1.0,1.0,1.0,1.0,1.0,1.0,1.0,1.0,11,0.0440149307250976
1,1.0,1.0,1.0,0.0,0.0,0.0,0.0,0.0,0.0,12,0.0545358657836914
2,0.0,0.0,0.0,1.0,1.0,1.0,0.0,0.0,0.0,12,0.0526759624481201
3,1.0,1.0,1.0,0.0,0.0,0.0,1.0,1.0,1.0,12,0.0524163246154785
1,1.0,1.0,1.0,0.0,0.0,0.0,0.0,0.0,0.0,13,0.0485873222351074
2,1.0,1.0,1.0,1.0,1.0,1.0,0.0,0.0,0.0,13,0.0457441806793212
3,1.0,1.0,1.0,0.0,0.0,0.0,1.0,1.0,1.0,13,0.0462338924407959
1,1.0,1.0,1.0,0.0,0.0,0.0,0.0,0.0,0.0,14,0.052478551864624
2,1.0,1.0,1.0,1.0,1.0,1.0,0.0,0.0,0.0,14,0.0517895221710205
3,1.0,1.0,1.0,0.0,0.0,0.0,1.0,1.0,1.0,14,0.0506975650787353
1,1.0,1.0,1.0,0.0,0.0,0.0,0.0,0.0,0.0,15,0.0487699508666992
2,1.0,1.0,1.0,1.0,1.0,1.0,0.0,0.0,0.0,15,0.048328161239624
3,1.0,1.0,1.0,0.0,0.0,0.0,1.0,1.0,1.0,15,0.0483498573303222
1,1.0,1.0,1.0,0.0,0.0,0.0,0.0,0.0,0.0,16,0.0485777854919433
2,0.0,0.0,0.0,1.0,1.0,1.0,0.0,0.0,0.0,16,0.0468776226043701
3,1.0,1.0,1.0,0.0,0.0,0.0,1.0,1.0,1.0,16,0.0463767051696777
1,0.5,1.0,0.3333333333333333,0.0,0.0,0.0,0.0,0.0,0.0,17,0.0471282005310058
2,1.0,1.0,1.0,1.0,1.0,1.0,0.0,0.0,0.0,17,0.0454332828521728
3,1.0,1.0,1.0,1.0,1.0,1.0,1.0,1.0,1.0,17,0.0452418327331543
1,1.0,1.0,1.0,0.0,0.0,0.0,0.0,0.0,0.0,18,0.0474052429199218
2,0.0,0.0,0.0,1.0,1.0,1.0,0.0,0.0,0.0,18,0.0462470054626464
3,0.0,0.0,0.0,1.0,1.0,1.0,1.0,1.0,1.0,18,0.0451400279998779
1,1.0,1.0,1.0,0.0,0.0,0.0,0.0,0.0,0.0,19,0.0463497638702392
2,1.0,1.0,1.0,1.0,1.0,1.0,0.0,0.0,0.0,19,0.0444087982177734
3,1.0,1.0,1.0,0.0,0.0,0.0,1.0,1.0,1.0,19,0.0435957908630371
1,1.0,1.0,1.0,0.0,0.0,0.0,0.0,0.0,0.0,2,0.0498697757720947
2,1.0,1.0,1.0,1.0,1.0,1.0,0.0,0.0,0.0,2,0.0482468605041503
3,1.0,1.0,1.0,1.0,1.0,1.0,1.0,1.0,1.0,2,0.0475194454193115
1,1.0,1.0,1.0,0.0,0.0,0.0,0.0,0.0,0.0,20,0.0552568435668945
2,1.0,1.0,1.0,1.0,1.0,1.0,0.0,0.0,0.0,20,0.0534307956695556
3,1.0,1.0,1.0,1.0,1.0,1.0,1.0,1.0,1.0,20,0.0526807308197021
1,1.0,1.0,1.0,0.0,0.0,0.0,0.0,0.0,0.0,21,0.051053762435913
2,1.0,1.0,1.0,1.0,1.0,1.0,0.0,0.0,0.0,21,0.0497188568115234
3,1.0,1.0,1.0,0.0,0.0,0.0,1.0,1.0,1.0,21,0.0491089820861816
1,1.0,1.0,1.0,0.0,0.0,0.0,0.0,0.0,0.0,22,0.0502526760101318
2,0.6666666666666666,1.0,0.5,1.0,1.0,1.0,0.0,0.0,0.0,22,0.0479943752288818
3,1.0,1.0,1.0,0.0,0.0,0.0,1.0,1.0,1.0,22,0.0483613014221191
1,1.0,1.0,1.0,0.0,0.0,0.0,0.0,0.0,0.0,23,0.05184006690979
2,0.0,0.0,0.0,1.0,1.0,1.0,0.0,0.0,0.0,23,0.0500998497009277
3,1.0,1.0,1.0,1.0,1.0,1.0,1.0,1.0,1.0,23,0.0498716831207275
1,1.0,1.0,1.0,0.0,0.0,0.0,0.0,0.0,0.0,24,0.0461988449096679
2,0.6666666666666666,1.0,0.5,1.0,1.0,1.0,0.0,0.0,0.0,24,0.0447430610656738
3,1.0,1.0,1.0,0.0,0.0,0.0,1.0,1.0,1.0,24,0.0449044704437255
1,0.6666666666666666,1.0,0.5,0.0,0.0,0.0,0.0,0.0,0.0,25,0.0463838577270507
2,1.0,1.0,1.0,1.0,1.0,1.0,0.0,0.0,0.0,25,0.0449814796447753
3,1.0,1.0,1.0,0.0,0.0,0.0,1.0,1.0,1.0,25,0.045283555984497
1,1.0,1.0,1.0,0.0,0.0,0.0,0.0,0.0,0.0,26,0.0496711730957031
2,1.0,1.0,1.0,1.0,1.0,1.0,0.0,0.0,0.0,26,0.0472049713134765
3,1.0,1.0,1.0,0.0,0.0,0.0,1.0,1.0,1.0,26,0.0466840267181396
1,0.4,1.0,0.25,0.0,0.0,0.0,0.0,0.0,0.0,27,0.049006700515747
2,1.0,1.0,1.0,1.0,1.0,1.0,0.0,0.0,0.0,27,0.0465378761291503
3,1.0,1.0,1.0,1.0,1.0,1.0,1.0,1.0,1.0,27,0.0467820167541503
1,1.0,1.0,1.0,0.0,0.0,0.0,0.0,0.0,0.0,28,0.0499022006988525
2,1.0,1.0,1.0,1.0,1.0,1.0,0.0,0.0,0.0,28,0.0492947101593017
3,1.0,1.0,1.0,1.0,1.0,1.0,1.0,1.0,1.0,28,0.0487232208251953
1,1.0,1.0,1.0,0.0,0.0,0.0,0.0,0.0,0.0,29,0.0522425174713134
2,0.0,0.0,0.0,1.0,1.0,1.0,0.0,0.0,0.0,29,0.0501773357391357
3,1.0,1.0,1.0,1.0,1.0,1.0,1.0,1.0,1.0,29,0.0501859188079834
1,1.0,1.0,1.0,0.0,0.0,0.0,0.0,0.0,0.0,3,0.0494887828826904
2,1.0,1.0,1.0,1.0,1.0,1.0,0.0,0.0,0.0,3,0.0481472015380859
3,1.0,1.0,1.0,0.0,0.0,0.0,1.0,1.0,1.0,3,0.0478312969207763
1,1.0,1.0,1.0,0.0,0.0,0.0,0.0,0.0,0.0,30,0.0509915351867675
2,1.0,1.0,1.0,1.0,1.0,1.0,0.0,0.0,0.0,30,0.0488452911376953
3,1.0,1.0,1.0,1.0,1.0,1.0,1.0,1.0,1.0,30,0.0485925674438476
1,1.0,1.0,1.0,0.0,0.0,0.0,0.0,0.0,0.0,31,0.0455763339996337
2,1.0,1.0,1.0,1.0,1.0,1.0,0.0,0.0,0.0,31,0.0442397594451904
3,1.0,1.0,1.0,1.0,1.0,1.0,1.0,1.0,1.0,31,0.044116735458374
1,1.0,1.0,1.0,0.0,0.0,0.0,0.0,0.0,0.0,32,0.045856237411499
2,1.0,1.0,1.0,1.0,1.0,1.0,0.0,0.0,0.0,32,0.0449960231781005
3,1.0,1.0,1.0,1.0,1.0,1.0,1.0,1.0,1.0,32,0.0437197685241699
1,1.0,1.0,1.0,0.0,0.0,0.0,0.0,0.0,0.0,33,0.0505130290985107
2,0.8,1.0,0.6666666666666666,1.0,1.0,1.0,0.0,0.0,0.0,33,0.0486977100372314
3,1.0,1.0,1.0,1.0,1.0,1.0,1.0,1.0,1.0,33,0.0478897094726562
1,1.0,1.0,1.0,0.0,0.0,0.0,0.0,0.0,0.0,34,0.0467574596405029
2,1.0,1.0,1.0,1.0,1.0,1.0,0.0,0.0,0.0,34,0.0455248355865478
3,1.0,1.0,1.0,1.0,1.0,1.0,1.0,1.0,1.0,34,0.0451562404632568
1,0.2222222222222222,1.0,0.125,0.0,0.0,0.0,0.0,0.0,0.0,35,0.0501670837402343
2,1.0,1.0,1.0,1.0,1.0,1.0,0.0,0.0,0.0,35,0.0481250286102294
3,1.0,1.0,1.0,1.0,1.0,1.0,1.0,1.0,1.0,35,0.0476391315460205
1,1.0,1.0,1.0,0.0,0.0,0.0,0.0,0.0,0.0,36,0.0523712635040283
2,0.6666666666666666,1.0,0.5,1.0,1.0,1.0,0.0,0.0,0.0,36,0.0509619712829589
3,1.0,1.0,1.0,1.0,1.0,1.0,1.0,1.0,1.0,36,0.0504028797149658
1,1.0,1.0,1.0,0.0,0.0,0.0,0.0,0.0,0.0,37,0.0488758087158203
2,1.0,1.0,1.0,1.0,1.0,1.0,0.0,0.0,0.0,37,0.0468270778656005
3,1.0,1.0,1.0,1.0,1.0,1.0,1.0,1.0,1.0,37,0.0466194152832031
1,1.0,1.0,1.0,0.0,0.0,0.0,0.0,0.0,0.0,38,0.0455186367034912
2,1.0,1.0,1.0,1.0,1.0,1.0,0.0,0.0,0.0,38,0.0442414283752441
3,1.0,1.0,1.0,0.0,0.0,0.0,1.0,1.0,1.0,38,0.0436830520629882
1,1.0,1.0,1.0,0.0,0.0,0.0,0.0,0.0,0.0,39,0.0470128059387207
2,1.0,1.0,1.0,1.0,1.0,1.0,0.0,0.0,0.0,39,0.0450952053070068
3,1.0,1.0,1.0,0.0,0.0,0.0,1.0,1.0,1.0,39,0.044168472290039
1,1.0,1.0,1.0,0.0,0.0,0.0,0.0,0.0,0.0,4,0.0492835044860839
2,0.6666666666666666,1.0,0.5,1.0,1.0,1.0,0.0,0.0,0.0,4,0.0480377674102783
3,1.0,1.0,1.0,0.0,0.0,0.0,1.0,1.0,1.0,4,0.0477313995361328
1,1.0,1.0,1.0,0.0,0.0,0.0,0.0,0.0,0.0,40,0.0495567321777343
2,1.0,1.0,1.0,1.0,1.0,1.0,0.0,0.0,0.0,40,0.0478036403656005
3,1.0,1.0,1.0,0.0,0.0,0.0,1.0,1.0,1.0,40,0.0478124618530273
1,1.0,1.0,1.0,0.0,0.0,0.0,0.0,0.0,0.0,41,0.0498101711273193
2,1.0,1.0,1.0,1.0,1.0,1.0,0.0,0.0,0.0,41,0.0478787422180175
3,1.0,1.0,1.0,1.0,1.0,1.0,1.0,1.0,1.0,41,0.0476341247558593
1,1.0,1.0,1.0,0.0,0.0,0.0,0.0,0.0,0.0,42,0.0462336540222168
2,1.0,1.0,1.0,1.0,1.0,1.0,0.0,0.0,0.0,42,0.0444145202636718
3,1.0,1.0,1.0,1.0,1.0,1.0,1.0,1.0,1.0,42,0.0443153381347656
1,1.0,1.0,1.0,0.0,0.0,0.0,0.0,0.0,0.0,43,0.0502941608428955
2,0.6666666666666666,1.0,0.5,1.0,1.0,1.0,0.0,0.0,0.0,43,0.047825813293457
3,1.0,1.0,1.0,0.0,0.0,0.0,1.0,1.0,1.0,43,0.0480132102966308
1,0.4,0.25,1.0,0.0,0.0,0.0,0.0,0.0,0.0,44,0.0545864105224609
2,1.0,1.0,1.0,1.0,1.0,1.0,0.0,0.0,0.0,44,0.0525810718536376
3,1.0,1.0,1.0,1.0,1.0,1.0,1.0,1.0,1.0,44,0.0520732402801513
1,1.0,1.0,1.0,0.0,0.0,0.0,0.0,0.0,0.0,45,0.0448555946350097
2,0.0,0.0,0.0,1.0,1.0,1.0,0.0,0.0,0.0,45,0.043344497680664
3,1.0,1.0,1.0,0.0,0.0,0.0,1.0,1.0,1.0,45,0.043330430984497
1,1.0,1.0,1.0,0.0,0.0,0.0,0.0,0.0,0.0,46,0.0459530353546142
2,1.0,1.0,1.0,1.0,1.0,1.0,0.0,0.0,0.0,46,0.0447900295257568
3,1.0,1.0,1.0,1.0,1.0,1.0,1.0,1.0,1.0,46,0.0438456535339355
1,1.0,1.0,1.0,0.0,0.0,0.0,0.0,0.0,0.0,47,0.0497980117797851
2,0.0,0.0,0.0,1.0,1.0,1.0,0.0,0.0,0.0,47,0.0478506088256835
3,1.0,1.0,1.0,1.0,1.0,1.0,1.0,1.0,1.0,47,0.0478115081787109
1,1.0,1.0,1.0,0.0,0.0,0.0,0.0,0.0,0.0,48,0.0517125129699707
2,0.0,0.0,0.0,1.0,1.0,1.0,0.0,0.0,0.0,48,0.0496025085449218
3,1.0,1.0,1.0,1.0,1.0,1.0,1.0,1.0,1.0,48,0.049504280090332
1,1.0,1.0,1.0,0.0,0.0,0.0,0.0,0.0,0.0,49,0.0499768257141113
2,1.0,1.0,1.0,1.0,1.0,1.0,0.0,0.0,0.0,49,0.0481975078582763
3,1.0,1.0,1.0,0.0,0.0,0.0,1.0,1.0,1.0,49,0.0474178791046142
1,1.0,1.0,1.0,0.0,0.0,0.0,0.0,0.0,0.0,5,0.0516462326049804
2,0.0,0.0,0.0,1.0,1.0,1.0,0.0,0.0,0.0,5,0.0493960380554199
3,1.0,1.0,1.0,1.0,1.0,1.0,1.0,1.0,1.0,5,0.0491974353790283
1,1.0,1.0,1.0,0.0,0.0,0.0,0.0,0.0,0.0,50,0.0511243343353271
2,1.0,1.0,1.0,1.0,1.0,1.0,0.0,0.0,0.0,50,0.0488743782043457
3,1.0,1.0,1.0,0.0,0.0,0.0,1.0,1.0,1.0,50,0.0487017631530761
1,1.0,1.0,1.0,0.0,0.0,0.0,0.0,0.0,0.0,51,0.04594087600708
2,1.0,1.0,1.0,1.0,1.0,1.0,0.0,0.0,0.0,51,0.0441896915435791
3,1.0,1.0,1.0,0.0,0.0,0.0,1.0,1.0,1.0,51,0.0439746379852294
1,1.0,1.0,1.0,0.0,0.0,0.0,0.0,0.0,0.0,52,0.0508286952972412
2,1.0,1.0,1.0,1.0,1.0,1.0,0.0,0.0,0.0,52,0.0494403839111328
3,1.0,1.0,1.0,0.0,0.0,0.0,1.0,1.0,1.0,52,0.0485062599182128
1,1.0,1.0,1.0,0.0,0.0,0.0,0.0,0.0,0.0,53,0.0456042289733886
2,0.6666666666666666,1.0,0.5,1.0,1.0,1.0,0.0,0.0,0.0,53,0.0430474281311035
3,1.0,1.0,1.0,1.0,1.0,1.0,1.0,1.0,1.0,53,0.0449650287628173
1,1.0,1.0,1.0,0.0,0.0,0.0,0.0,0.0,0.0,54,0.051903486251831
2,1.0,1.0,1.0,1.0,1.0,1.0,0.0,0.0,0.0,54,0.049579381942749
3,1.0,1.0,1.0,1.0,1.0,1.0,1.0,1.0,1.0,54,0.0496168136596679
1,1.0,1.0,1.0,0.0,0.0,0.0,0.0,0.0,0.0,55,0.0534522533416748
2,0.0,0.0,0.0,1.0,1.0,1.0,0.0,0.0,0.0,55,0.0512144565582275
3,1.0,1.0,1.0,1.0,1.0,1.0,1.0,1.0,1.0,55,0.0511238574981689
1,1.0,1.0,1.0,0.0,0.0,0.0,0.0,0.0,0.0,56,0.0438573360443115
2,1.0,1.0,1.0,1.0,1.0,1.0,0.0,0.0,0.0,56,0.0418219566345214
3,1.0,1.0,1.0,1.0,1.0,1.0,1.0,1.0,1.0,56,0.0407476425170898
1,1.0,1.0,1.0,0.0,0.0,0.0,0.0,0.0,0.0,57,0.0546586513519287
2,1.0,1.0,1.0,1.0,1.0,1.0,0.0,0.0,0.0,57,0.0544452667236328
3,1.0,1.0,1.0,0.0,0.0,0.0,1.0,1.0,1.0,57,0.0544452667236328
1,1.0,1.0,1.0,0.0,0.0,0.0,0.0,0.0,0.0,58,0.0477271080017089
2,1.0,1.0,1.0,1.0,1.0,1.0,0.0,0.0,0.0,58,0.0462262630462646
3,1.0,1.0,1.0,1.0,1.0,1.0,1.0,1.0,1.0,58,0.0456969738006591
1,1.0,1.0,1.0,0.0,0.0,0.0,0.0,0.0,0.0,59,0.0475513935089111
2,0.0,0.0,0.0,1.0,1.0,1.0,0.0,0.0,0.0,59,0.045987844467163
3,1.0,1.0,1.0,0.0,0.0,0.0,1.0,1.0,1.0,59,0.0441932678222656
1,1.0,1.0,1.0,0.0,0.0,0.0,0.0,0.0,0.0,6,0.05141282081604
2,1.0,1.0,1.0,1.0,1.0,1.0,0.0,0.0,0.0,6,0.0496320724487304
3,1.0,1.0,1.0,0.0,0.0,0.0,1.0,1.0,1.0,6,0.0504140853881835
1,1.0,1.0,1.0,0.0,0.0,0.0,0.0,0.0,0.0,60,0.0494284629821777
2,1.0,1.0,1.0,1.0,1.0,1.0,0.0,0.0,0.0,60,0.0480613708496093
3,1.0,1.0,1.0,1.0,1.0,1.0,1.0,1.0,1.0,60,0.0479130744934082
1,0.2857142857142857,0.1666666666666666,1.0,0.0,0.0,0.0,0.0,0.0,0.0,61,0.0512795448303222
2,1.0,1.0,1.0,1.0,1.0,1.0,0.0,0.0,0.0,61,0.049260139465332
3,1.0,1.0,1.0,0.6666666666666666,1.0,0.5,1.0,1.0,1.0,61,0.0483510494232177
1,0.4,1.0,0.25,0.0,0.0,0.0,0.0,0.0,0.0,62,0.0501198768615722
2,1.0,1.0,1.0,1.0,1.0,1.0,0.0,0.0,0.0,62,0.0476584434509277
3,1.0,1.0,1.0,0.8,1.0,0.6666666666666666,1.0,1.0,1.0,62,0.0451204776763916
1,1.0,1.0,1.0,0.0,0.0,0.0,0.0,0.0,0.0,63,0.0508091449737548
2,0.0,0.0,0.0,1.0,1.0,1.0,0.0,0.0,0.0,63,0.0496444702148437
3,1.0,1.0,1.0,1.0,1.0,1.0,1.0,1.0,1.0,63,0.0493254661560058
1,1.0,1.0,1.0,0.0,0.0,0.0,0.0,0.0,0.0,64,0.0489680767059326
2,0.0,0.0,0.0,1.0,1.0,1.0,0.0,0.0,0.0,64,0.0474302768707275
3,1.0,1.0,1.0,1.0,1.0,1.0,1.0,1.0,1.0,64,0.047206163406372
1,1.0,1.0,1.0,0.0,0.0,0.0,0.0,0.0,0.0,65,0.0486769676208496
2,0.0,0.0,0.0,1.0,1.0,1.0,0.0,0.0,0.0,65,0.0464859008789062
3,1.0,1.0,1.0,0.0,0.0,0.0,1.0,1.0,1.0,65,0.0452723503112793
1,1.0,1.0,1.0,0.0,0.0,0.0,0.0,0.0,0.0,66,0.0492792129516601
2,1.0,1.0,1.0,1.0,1.0,1.0,0.0,0.0,0.0,66,0.0470046997070312
3,1.0,1.0,1.0,0.6666666666666666,1.0,0.5,1.0,1.0,1.0,66,0.0447583198547363
1,0.2666666666666666,0.1666666666666666,0.6666666666666666,0.0,0.0,0.0,0.0,0.0,0.0,67,0.046541690826416
2,1.0,1.0,1.0,1.0,1.0,1.0,0.0,0.0,0.0,67,0.0448720455169677
3,1.0,1.0,1.0,1.0,1.0,1.0,1.0,1.0,1.0,67,0.0444703102111816
1,1.0,1.0,1.0,0.0,0.0,0.0,0.0,0.0,0.0,68,0.0476281642913818
2,0.0,0.0,0.0,1.0,1.0,1.0,0.0,0.0,0.0,68,0.0461084842681884
3,1.0,1.0,1.0,1.0,1.0,1.0,1.0,1.0,1.0,68,0.0460340976715087
1,1.0,1.0,1.0,0.0,0.0,0.0,0.0,0.0,0.0,69,0.0493407249450683
2,1.0,1.0,1.0,1.0,1.0,1.0,0.0,0.0,0.0,69,0.0475420951843261
3,1.0,1.0,1.0,0.0,0.0,0.0,1.0,1.0,1.0,69,0.0472805500030517
1,1.0,1.0,1.0,0.0,0.0,0.0,0.0,0.0,0.0,7,0.0544879436492919
2,1.0,1.0,1.0,1.0,1.0,1.0,0.0,0.0,0.0,7,0.0528995990753173
3,1.0,1.0,1.0,0.0,0.0,0.0,1.0,1.0,1.0,7,0.052722692489624
1,1.0,1.0,1.0,0.0,0.0,0.0,0.0,0.0,0.0,70,0.0529210567474365
2,0.6666666666666666,1.0,0.5,1.0,1.0,1.0,0.0,0.0,0.0,70,0.0505924224853515
3,0.8,1.0,0.6666666666666666,0.0,0.0,0.0,1.0,1.0,1.0,70,0.0511026382446289
1,1.0,1.0,1.0,0.0,0.0,0.0,0.0,0.0,0.0,71,0.0500996112823486
2,1.0,1.0,1.0,1.0,1.0,1.0,0.0,0.0,0.0,71,0.0483193397521972
3,1.0,1.0,1.0,0.0,0.0,0.0,1.0,1.0,1.0,71,0.0478804111480712
1,1.0,1.0,1.0,0.0,0.0,0.0,0.0,0.0,0.0,72,0.0469849109649658
2,1.0,1.0,1.0,1.0,1.0,1.0,0.0,0.0,0.0,72,0.0442371368408203
3,1.0,1.0,1.0,0.0,0.0,0.0,1.0,1.0,1.0,72,0.0438871383666992
1,1.0,1.0,1.0,0.0,0.0,0.0,0.0,0.0,0.0,73,0.0481090545654296
2,1.0,1.0,1.0,1.0,1.0,1.0,0.0,0.0,0.0,73,0.0475587844848632
3,1.0,1.0,1.0,0.0,0.0,0.0,1.0,1.0,1.0,73,0.0459990501403808
1,1.0,1.0,1.0,0.0,0.0,0.0,0.0,0.0,0.0,74,0.0505828857421875
2,0.6666666666666666,1.0,0.5,1.0,1.0,1.0,0.0,0.0,0.0,74,0.0489957332611084
3,1.0,1.0,1.0,0.0,0.0,0.0,1.0,1.0,1.0,74,0.0498101711273193
1,1.0,1.0,1.0,0.0,0.0,0.0,0.0,0.0,0.0,75,0.0494401454925537
2,1.0,1.0,1.0,1.0,1.0,1.0,0.0,0.0,0.0,75,0.0475556850433349
3,1.0,1.0,1.0,1.0,1.0,1.0,1.0,1.0,1.0,75,0.0474371910095214
1,1.0,1.0,1.0,0.0,0.0,0.0,0.0,0.0,0.0,76,0.0515596866607666
2,1.0,1.0,1.0,1.0,1.0,1.0,0.0,0.0,0.0,76,0.0496742725372314
3,1.0,1.0,1.0,0.0,0.0,0.0,1.0,1.0,1.0,76,0.0485079288482666
1,1.0,1.0,1.0,0.0,0.0,0.0,0.0,0.0,0.0,77,0.049790620803833
2,1.0,1.0,1.0,1.0,1.0,1.0,0.0,0.0,0.0,77,0.0464284420013427
3,1.0,1.0,1.0,0.6666666666666666,1.0,0.5,1.0,1.0,1.0,77,0.0465199947357177
1,1.0,1.0,1.0,0.0,0.0,0.0,0.0,0.0,0.0,78,0.0521833896636962
2,1.0,1.0,1.0,1.0,1.0,1.0,0.0,0.0,0.0,78,0.0505361557006835
3,1.0,1.0,1.0,1.0,1.0,1.0,1.0,1.0,1.0,78,0.0500001907348632
1,0.6666666666666666,1.0,0.5,0.0,0.0,0.0,0.0,0.0,0.0,79,0.0483684539794921
2,1.0,1.0,1.0,1.0,1.0,1.0,0.0,0.0,0.0,79,0.0469326972961425
3,1.0,1.0,1.0,0.0,0.0,0.0,1.0,1.0,1.0,79,0.0466163158416748
1,1.0,1.0,1.0,0.0,0.0,0.0,0.0,0.0,0.0,8,0.0573592185974121
2,0.6666666666666666,1.0,0.5,1.0,1.0,1.0,0.0,0.0,0.0,8,0.0557863712310791
3,1.0,1.0,1.0,0.0,0.0,0.0,1.0,1.0,1.0,8,0.0554356575012207
1,1.0,1.0,1.0,0.0,0.0,0.0,0.0,0.0,0.0,80,0.0499029159545898
2,1.0,1.0,1.0,1.0,1.0,1.0,0.0,0.0,0.0,80,0.0480668544769287
3,1.0,1.0,1.0,0.0,0.0,0.0,1.0,1.0,1.0,80,0.0475332736968994
1,1.0,1.0,1.0,0.0,0.0,0.0,0.0,0.0,0.0,81,0.0467696189880371
2,1.0,1.0,1.0,1.0,1.0,1.0,0.0,0.0,0.0,81,0.0436987876892089
3,1.0,1.0,1.0,0.0,0.0,0.0,1.0,1.0,1.0,81,0.0436172485351562
1,0.6666666666666666,1.0,0.5,0.0,0.0,0.0,0.0,0.0,0.0,82,0.0527889728546142
2,1.0,1.0,1.0,1.0,1.0,1.0,0.0,0.0,0.0,82,0.0513861179351806
3,1.0,1.0,1.0,1.0,1.0,1.0,1.0,1.0,1.0,82,0.0509953498840332
1,1.0,1.0,1.0,0.0,0.0,0.0,0.0,0.0,0.0,83,0.0497229099273681
2,1.0,1.0,1.0,1.0,1.0,1.0,0.0,0.0,0.0,83,0.0480215549468994
3,1.0,1.0,1.0,0.0,0.0,0.0,1.0,1.0,1.0,83,0.0475728511810302
1,1.0,1.0,1.0,0.0,0.0,0.0,0.0,0.0,0.0,84,0.0453777313232421
2,0.6666666666666666,1.0,0.5,1.0,1.0,1.0,0.0,0.0,0.0,84,0.0433053970336914
3,1.0,1.0,1.0,0.0,0.0,0.0,1.0,1.0,1.0,84,0.0417048931121826
1,1.0,1.0,1.0,0.0,0.0,0.0,0.0,0.0,0.0,85,0.0470244884490966
2,1.0,1.0,1.0,1.0,1.0,1.0,0.0,0.0,0.0,85,0.0442595481872558
3,1.0,1.0,1.0,1.0,1.0,1.0,1.0,1.0,1.0,85,0.0443136692047119
1,1.0,1.0,1.0,0.0,0.0,0.0,0.0,0.0,0.0,86,0.0499382019042968
2,1.0,1.0,1.0,1.0,1.0,1.0,0.0,0.0,0.0,86,0.0481243133544921
3,1.0,1.0,1.0,1.0,1.0,1.0,1.0,1.0,1.0,86,0.0478575229644775
1,1.0,1.0,1.0,0.0,0.0,0.0,0.0,0.0,0.0,87,0.0495173931121826
2,1.0,1.0,1.0,1.0,1.0,1.0,0.0,0.0,0.0,87,0.0477566719055175
3,1.0,1.0,1.0,0.0,0.0,0.0,1.0,1.0,1.0,87,0.047569990158081
1,1.0,1.0,1.0,0.0,0.0,0.0,0.0,0.0,0.0,88,0.0501539707183837
2,1.0,1.0,1.0,1.0,1.0,1.0,0.0,0.0,0.0,88,0.0483155250549316
3,1.0,1.0,1.0,0.0,0.0,0.0,1.0,1.0,1.0,88,0.0480487346649169
1,0.2857142857142857,1.0,0.1666666666666666,0.0,0.0,0.0,0.0,0.0,0.0,89,0.054884910583496
2,1.0,1.0,1.0,1.0,1.0,1.0,0.0,0.0,0.0,89,0.0526444911956787
3,1.0,1.0,1.0,1.0,1.0,1.0,1.0,1.0,1.0,89,0.0522422790527343
1,1.0,1.0,1.0,0.0,0.0,0.0,0.0,0.0,0.0,9,0.0497798919677734
2,0.0,0.0,0.0,1.0,1.0,1.0,0.0,0.0,0.0,9,0.0472748279571533
3,0.0,0.0,0.0,1.0,1.0,1.0,1.0,1.0,1.0,9,0.0471367835998535
1,1.0,1.0,1.0,0.0,0.0,0.0,0.0,0.0,0.0,90,0.0535252094268798
2,1.0,1.0,1.0,1.0,1.0,1.0,0.0,0.0,0.0,90,0.0517768859863281
3,1.0,1.0,1.0,0.0,0.0,0.0,1.0,1.0,1.0,90,0.0523579120635986
1,1.0,1.0,1.0,0.0,0.0,0.0,0.0,0.0,0.0,91,0.0442326068878173
2,1.0,1.0,1.0,1.0,1.0,1.0,0.0,0.0,0.0,91,0.0427563190460205
3,1.0,1.0,1.0,0.0,0.0,0.0,1.0,1.0,1.0,91,0.0426595211029052
1,1.0,1.0,1.0,0.0,0.0,0.0,0.0,0.0,0.0,92,0.0453834533691406
2,0.6666666666666666,1.0,0.5,1.0,1.0,1.0,0.0,0.0,0.0,92,0.0444915294647216
3,1.0,1.0,1.0,0.0,0.0,0.0,1.0,1.0,1.0,92,0.0437414646148681
1,0.6666666666666666,1.0,0.5,0.0,0.0,0.0,0.0,0.0,0.0,93,0.0475668907165527
2,0.6666666666666666,1.0,0.5,1.0,1.0,1.0,0.0,0.0,0.0,93,0.0462226867675781
3,1.0,1.0,1.0,0.0,0.0,0.0,1.0,1.0,1.0,93,0.0459194183349609
1,1.0,1.0,1.0,0.0,0.0,0.0,0.0,0.0,0.0,94,0.04447603225708
2,1.0,1.0,1.0,1.0,1.0,1.0,0.0,0.0,0.0,94,0.0425882339477539
3,1.0,1.0,1.0,0.0,0.0,0.0,1.0,1.0,1.0,94,0.041175365447998
1,1.0,1.0,1.0,0.0,0.0,0.0,0.0,0.0,0.0,95,0.0491986274719238
2,0.2857142857142857,1.0,0.1666666666666666,1.0,1.0,1.0,0.0,0.0,0.0,95,0.0470168590545654
3,1.0,1.0,1.0,0.0,0.0,0.0,1.0,1.0,1.0,95,0.0459752082824707
1,1.0,1.0,1.0,0.0,0.0,0.0,0.0,0.0,0.0,96,0.0452148914337158
2,0.0,0.0,0.0,1.0,1.0,1.0,0.0,0.0,0.0,96,0.0430736541748046
3,1.0,1.0,1.0,0.0,0.0,0.0,1.0,1.0,1.0,96,0.0428049564361572
1,1.0,1.0,1.0,0.0,0.0,0.0,0.0,0.0,0.0,97,0.0406327247619628
2,0.0,0.0,0.0,1.0,1.0,1.0,0.0,0.0,0.0,97,0.0397632122039794
3,1.0,1.0,1.0,0.0,0.0,0.0,1.0,1.0,1.0,97,0.038844347000122
1,1.0,1.0,1.0,0.0,0.0,0.0,0.0,0.0,0.0,98,0.0451517105102539
2,0.6666666666666666,1.0,0.5,1.0,1.0,1.0,0.0,0.0,0.0,98,0.0425209999084472
3,1.0,1.0,1.0,1.0,1.0,1.0,1.0,1.0,1.0,98,0.0418059825897216
1,1.0,1.0,1.0,0.0,0.0,0.0,0.0,0.0,0.0,99,0.0471167564392089
2,1.0,1.0,1.0,1.0,1.0,1.0,0.0,0.0,0.0,99,0.0460219383239746
3,1.0,1.0,1.0,0.0,0.0,0.0,1.0,1.0,1.0,99,0.0453352928161621
