n_conditions,sg_mean,sg_cardinality,sg_rule,best_rule,best_rule_idx,f1,precision,recall,seed,runtime
1,57172.593713162845,13728,BZip2 = 1,BZip2,0,1.0,1.0,1.0,0,0.4549870491027832
2,46809.4572806119,6864,HeaderCompressionOff = 1 AND LZMA2 = 1,LZMA2 AND HeaderCompressionOff,0,1.0,1.0,1.0,0,0.514927864074707
3,8676.945115876662,3432,LZMA = 1 AND mtOff = 1 AND tmOff = 1,LZMA AND mtOff AND tmOff,0,1.0,1.0,1.0,0,0.4189400672912597
4,38466.86204065976,4290,HeaderCompressionOff = 1 AND filterOff = 1 AND mtOff = 1 AND tmOff = 1,tmOff AND HeaderCompressionOff AND mtOff AND filterOff,0,1.0,1.0,1.0,0,0.4495663642883301
1,42168.07850954649,6240,Files = 80,Files > 75.0 AND Files <= 85.0,0,1.0,1.0,1.0,1,0.4395678043365478
2,32122.35627471416,6864,Deflate = 1 AND tmOff = 1,Deflate AND tmOff,0,1.0,1.0,1.0,1,0.4996740818023681
3,50872.43686410627,3432,BZip2 = 1 AND filterOff = 1 AND mtOff = 1,BZip2 AND filterOff AND mtOff,0,1.0,1.0,1.0,1,0.4278433322906494
4,14865.90492212144,4290,HeaderCompressionOff = 1 AND filterOff = 1 AND mtOff = 1 AND tmOff = 1,HeaderCompressionOff AND filterOff AND tmOff AND mtOff,0,1.0,1.0,1.0,1,0.4442486763000488
1,23041.58745345992,13728,LZMA = 1,LZMA,0,1.0,1.0,1.0,10,0.457646369934082
2,64132.55812287603,17160,HeaderCompressionOff = 1 AND tmOff = 1,tmOff AND HeaderCompressionOff,0,1.0,1.0,1.0,10,0.5065548419952393
3,58768.36147637136,3432,PPMd = 1 AND filterOff = 1 AND tmOff = 1,PPMd AND tmOff AND filterOff,0,1.0,1.0,1.0,10,0.409930944442749
4,44781.5129090428,4290,HeaderCompressionOff = 1 AND filterOff = 1 AND mtOff = 1 AND tmOff = 1,tmOff AND mtOff AND HeaderCompressionOff AND filterOff,0,1.0,1.0,1.0,10,0.4261233806610107
1,65219.103346984986,6240,Files = 0,Files <= 5.0,0,1.0,1.0,1.0,11,0.449808120727539
2,31912.82621529852,6864,LZMA = 1 AND filterOff = 1,LZMA AND filterOff,0,1.0,1.0,1.0,11,0.5123293399810791
3,22290.72556936016,3432,HeaderCompressionOff = 1 AND LZMA2 = 1 AND filterOff = 1,LZMA2 AND HeaderCompressionOff AND filterOff,0,1.0,1.0,1.0,11,0.4116618633270263
4,42072.38233048191,4290,HeaderCompressionOff = 1 AND filterOff = 1 AND mtOff = 1 AND tmOff = 1,filterOff AND mtOff AND HeaderCompressionOff AND tmOff,0,1.0,1.0,1.0,11,0.4453074932098388
1,43328.647893680834,13728,LZMA2 = 1,LZMA2,0,1.0,1.0,1.0,12,0.4456295967102051
2,23733.852102754077,17160,filterOff = 1 AND tmOff = 1,filterOff AND tmOff,0,1.0,1.0,1.0,12,0.5043237209320068
3,30078.15314175032,3432,BZip2 = 1 AND filterOff = 1 AND tmOff = 1,BZip2 AND filterOff AND tmOff,0,1.0,1.0,1.0,12,0.4122319221496582
4,18101.7437716363,4290,HeaderCompressionOff = 1 AND filterOff = 1 AND mtOff = 1 AND tmOff = 1,tmOff AND mtOff AND HeaderCompressionOff AND filterOff,0,1.0,1.0,1.0,12,0.4358422756195068
1,18665.481177894348,13728,PPMd = 1,PPMd,0,1.0,1.0,1.0,13,0.4555518627166748
2,16522.680349509847,5720,HeaderCompressionOff = 1 AND x = 2,x <= 3.0 AND HeaderCompressionOff AND x > 1.0,0,1.0,1.0,1.0,13,0.5265946388244629
3,45298.70761359387,3432,HeaderCompressionOff = 1 AND LZMA2 = 1 AND tmOff = 1,LZMA2 AND tmOff AND HeaderCompressionOff,0,1.0,1.0,1.0,13,0.4108116626739502
4,32038.808496851358,4290,HeaderCompressionOff = 1 AND filterOff = 1 AND mtOff = 1 AND tmOff = 1,filterOff AND tmOff AND HeaderCompressionOff AND mtOff,0,1.0,1.0,1.0,13,0.4225618839263916
1,42991.143373274295,13728,LZMA = 1,LZMA,0,1.0,1.0,1.0,14,0.4655230045318603
2,53070.7428661961,6864,LZMA = 1 AND tmOff = 1,LZMA AND tmOff,0,1.0,1.0,1.0,14,0.5087475776672363
3,21067.997066104297,3432,HeaderCompressionOff = 1 AND PPMd = 1 AND filterOff = 1,PPMd AND filterOff AND HeaderCompressionOff,0,1.0,1.0,1.0,14,0.4001290798187256
4,35574.5790516255,4290,HeaderCompressionOff = 1 AND filterOff = 1 AND mtOff = 1 AND tmOff = 1,filterOff AND HeaderCompressionOff AND tmOff AND mtOff,0,1.0,1.0,1.0,14,0.4199967384338379
1,45276.23438701396,13728,Deflate = 1,Deflate,0,1.0,1.0,1.0,15,0.4769909381866455
2,60187.49086594972,6864,PPMd = 1 AND mtOff = 1,PPMd AND mtOff,0,1.0,1.0,1.0,15,0.5015847682952881
3,19516.80626817127,3432,HeaderCompressionOff = 1 AND LZMA2 = 1 AND filterOff = 1,LZMA2 AND HeaderCompressionOff AND filterOff,0,1.0,1.0,1.0,15,0.4112191200256347
4,15105.87193242152,4290,HeaderCompressionOff = 1 AND filterOff = 1 AND mtOff = 1 AND tmOff = 1,tmOff AND mtOff AND HeaderCompressionOff AND filterOff,0,1.0,1.0,1.0,15,0.4285686016082763
1,12321.300914891017,11440,x = 10,x > 9.0,0,1.0,1.0,1.0,16,0.4544036388397217
2,49591.96222619765,6864,LZMA = 1 AND mtOff = 1,LZMA AND mtOff,0,1.0,1.0,1.0,16,0.51198410987854
3,19292.32671768576,8580,HeaderCompressionOff = 1 AND filterOff = 1 AND mtOff = 1,mtOff AND HeaderCompressionOff AND filterOff,0,1.0,1.0,1.0,16,0.4034645557403564
4,49091.19855894213,4290,HeaderCompressionOff = 1 AND filterOff = 1 AND mtOff = 1 AND tmOff = 1,HeaderCompressionOff AND tmOff AND filterOff AND mtOff,0,1.0,1.0,1.0,16,0.4358525276184082
1,45820.43105672384,6240,Files = 60,Files > 55.0 AND Files <= 65.0,0,1.0,1.0,1.0,17,0.4443132877349853
2,31966.01473135488,6864,HeaderCompressionOff = 1 AND PPMd = 1,PPMd AND HeaderCompressionOff,0,1.0,1.0,1.0,17,0.5106744766235352
3,13834.289998396836,3432,Deflate = 1 AND mtOff = 1 AND tmOff = 1,Deflate AND mtOff AND tmOff,0,1.0,1.0,1.0,17,0.4038069248199463
4,53904.84114818899,4290,HeaderCompressionOff = 1 AND filterOff = 1 AND mtOff = 1 AND tmOff = 1,filterOff AND tmOff AND mtOff AND HeaderCompressionOff,0,1.0,1.0,1.0,17,0.4327499866485595
1,28630.288084018244,13728,LZMA2 = 1,LZMA2,0,1.0,1.0,1.0,18,0.4639153480529785
2,18516.449186405927,6864,HeaderCompressionOff = 1 AND LZMA2 = 1,LZMA2 AND HeaderCompressionOff,0,1.0,1.0,1.0,18,0.5158548355102539
3,15621.858117327449,3432,LZMA2 = 1 AND mtOff = 1 AND tmOff = 1,LZMA2 AND mtOff AND tmOff,0,1.0,1.0,1.0,18,0.409229040145874
4,5315.3611595673765,4290,HeaderCompressionOff = 1 AND filterOff = 1 AND mtOff = 1 AND tmOff = 1,mtOff AND HeaderCompressionOff AND tmOff AND filterOff,0,1.0,1.0,1.0,18,0.4428730010986328
1,36805.89904375104,13728,BZip2 = 1,BZip2,0,1.0,1.0,1.0,19,0.4724655151367187
2,33706.90999054305,5720,HeaderCompressionOff = 1 AND x = 2,x <= 3.0 AND x > 1.0 AND HeaderCompressionOff,0,1.0,1.0,1.0,19,0.5163910388946533
3,47962.34294896586,3432,PPMd = 1 AND filterOff = 1 AND mtOff = 1,PPMd AND filterOff AND mtOff,0,1.0,1.0,1.0,19,0.4343626499176025
4,27623.757272578157,4290,HeaderCompressionOff = 1 AND filterOff = 1 AND mtOff = 1 AND tmOff = 1,tmOff AND filterOff AND mtOff AND HeaderCompressionOff,0,1.0,1.0,1.0,19,0.4548380374908447
1,38754.01519393687,13728,LZMA2 = 1,LZMA2,0,1.0,1.0,1.0,2,0.4527273178100586
2,55261.15278674744,6864,PPMd = 1 AND filterOff = 1,PPMd AND filterOff,0,1.0,1.0,1.0,2,0.5123193264007568
3,25855.166446887288,3432,HeaderCompressionOff = 1 AND LZMA2 = 1 AND mtOff = 1,LZMA2 AND HeaderCompressionOff AND mtOff,0,1.0,1.0,1.0,2,0.4281151294708252
4,26659.637344424944,4290,HeaderCompressionOff = 1 AND filterOff = 1 AND mtOff = 1 AND tmOff = 1,HeaderCompressionOff AND filterOff AND tmOff AND mtOff,0,1.0,1.0,1.0,2,0.4362823963165283
1,12454.256358840985,6240,Files = 100,Files > 95.0,0,1.0,1.0,1.0,20,0.4517660140991211
2,5774.970203871653,6864,BZip2 = 1 AND tmOff = 1,BZip2 AND tmOff,0,1.0,1.0,1.0,20,0.5068197250366211
3,54680.32211346539,3432,HeaderCompressionOff = 1 AND LZMA2 = 1 AND mtOff = 1,LZMA2 AND HeaderCompressionOff AND mtOff,0,1.0,1.0,1.0,20,0.4284400939941406
4,11346.670759733406,4290,HeaderCompressionOff = 1 AND filterOff = 1 AND mtOff = 1 AND tmOff = 1,Files > 35.0 AND BlockSize > 3.0 AND tmOff,3,0.2028985507246376,0.125,0.5384615384615384,20,0.4432697296142578
1,60355.6451790385,13728,LZMA = 1,LZMA,0,1.0,1.0,1.0,21,0.4716784954071045
2,62218.36042667668,6864,LZMA = 1 AND filterOff = 1,LZMA AND filterOff,0,1.0,1.0,1.0,21,0.5194733142852783
3,63317.89508107279,3432,HeaderCompressionOff = 1 AND PPMd = 1 AND mtOff = 1,PPMd AND HeaderCompressionOff AND mtOff,0,1.0,1.0,1.0,21,0.434478759765625
4,53548.357313593166,4290,HeaderCompressionOff = 1 AND filterOff = 1 AND mtOff = 1 AND tmOff = 1,tmOff AND mtOff AND HeaderCompressionOff AND filterOff,0,1.0,1.0,1.0,21,0.4543755054473877
1,38761.40965338796,13728,PPMd = 1,PPMd,0,1.0,1.0,1.0,22,0.4725017547607422
2,63758.90996542932,17160,HeaderCompressionOff = 1 AND filterOff = 1,HeaderCompressionOff AND filterOff,0,1.0,1.0,1.0,22,0.506502628326416
3,28286.139752016737,3432,LZMA = 1 AND filterOff = 1 AND tmOff = 1,LZMA AND filterOff AND tmOff,0,1.0,1.0,1.0,22,0.4345664978027344
4,47120.70864848907,4290,HeaderCompressionOff = 1 AND filterOff = 1 AND mtOff = 1 AND tmOff = 1,filterOff AND tmOff AND HeaderCompressionOff AND mtOff,0,1.0,1.0,1.0,22,0.4564974308013916
1,22367.04969248154,11440,x = 0,x <= 1.0,0,1.0,1.0,1.0,23,0.4654161930084228
2,25836.71982526964,6864,Deflate = 1 AND filterOff = 1,Deflate AND filterOff,0,1.0,1.0,1.0,23,0.5096375942230225
3,59645.54886114477,3432,BZip2 = 1 AND filterOff = 1 AND tmOff = 1,BZip2 AND tmOff AND filterOff,0,1.0,1.0,1.0,23,0.4330599308013916
4,52990.57697125229,4290,HeaderCompressionOff = 1 AND filterOff = 1 AND mtOff = 1 AND tmOff = 1,filterOff AND tmOff AND HeaderCompressionOff AND mtOff,0,1.0,1.0,1.0,23,0.4613175392150879
1,48783.8932340234,13728,LZMA = 1,LZMA,0,1.0,1.0,1.0,24,0.4627764225006103
2,59480.42310447541,6864,LZMA2 = 1 AND tmOff = 1,LZMA2 AND tmOff,0,1.0,1.0,1.0,24,0.5074689388275146
3,8748.516316218216,3432,Deflate = 1 AND filterOff = 1 AND tmOff = 1,Deflate AND filterOff AND tmOff,0,1.0,1.0,1.0,24,0.4167969226837158
4,31408.5525656229,4290,HeaderCompressionOff = 1 AND filterOff = 1 AND mtOff = 1 AND tmOff = 1,mtOff AND HeaderCompressionOff AND filterOff AND tmOff,0,1.0,1.0,1.0,24,0.4307217597961426
1,4758.229830054072,13728,BZip2 = 1,BZip2,0,1.0,1.0,1.0,25,0.4733016490936279
2,39974.59570923839,17160,HeaderCompressionOff = 1 AND filterOff = 1,HeaderCompressionOff AND filterOff,0,1.0,1.0,1.0,25,0.5205545425415039
3,40309.59610757087,3432,HeaderCompressionOff = 1 AND LZMA2 = 1 AND filterOff = 1,LZMA2 AND filterOff AND HeaderCompressionOff,0,1.0,1.0,1.0,25,0.4080095291137695
4,40855.1487386083,4290,HeaderCompressionOff = 1 AND filterOff = 1 AND mtOff = 1 AND tmOff = 1,filterOff AND tmOff AND HeaderCompressionOff AND mtOff,0,1.0,1.0,1.0,25,0.4408214092254638
1,6222.894906000614,13728,PPMd = 1,PPMd,0,1.0,1.0,1.0,26,0.4772152900695801
2,36177.57421354661,6864,BZip2 = 1 AND mtOff = 1,BZip2 AND mtOff,0,1.0,1.0,1.0,26,0.5184998512268066
3,56361.905642151694,3432,HeaderCompressionOff = 1 AND LZMA = 1 AND filterOff = 1,LZMA AND filterOff AND HeaderCompressionOff,0,1.0,1.0,1.0,26,0.4227895736694336
4,14181.61834017258,4290,HeaderCompressionOff = 1 AND filterOff = 1 AND mtOff = 1 AND tmOff = 1,HeaderCompressionOff AND filterOff AND tmOff AND mtOff,0,1.0,1.0,1.0,26,0.4375224113464355
1,9910.957492369716,13728,LZMA2 = 1,LZMA2,0,1.0,1.0,1.0,27,0.4531092643737793
2,50184.04985942428,17160,filterOff = 1 AND mtOff = 1,mtOff AND filterOff,0,1.0,1.0,1.0,27,0.5252096652984619
3,19083.475882468283,3432,Deflate = 1 AND mtOff = 1 AND tmOff = 1,Deflate AND mtOff AND tmOff,0,1.0,1.0,1.0,27,0.4125270843505859
4,61676.65917636629,4290,HeaderCompressionOff = 1 AND filterOff = 1 AND mtOff = 1 AND tmOff = 1,HeaderCompressionOff AND mtOff AND tmOff AND filterOff,0,1.0,1.0,1.0,27,0.4372470378875732
1,58463.20297082247,5280,BlockSize = 2,BlockSize <= 3.0 AND BlockSize > 1.5,0,1.0,1.0,1.0,28,0.4431805610656738
2,41741.8084120553,6864,HeaderCompressionOff = 1 AND PPMd = 1,PPMd AND HeaderCompressionOff,0,1.0,1.0,1.0,28,0.519503116607666
3,18375.7274559826,3432,LZMA2 = 1 AND filterOff = 1 AND tmOff = 1,LZMA2 AND tmOff AND filterOff,0,1.0,1.0,1.0,28,0.4132943153381347
4,55177.56741561419,4290,HeaderCompressionOff = 1 AND filterOff = 1 AND mtOff = 1 AND tmOff = 1,tmOff AND mtOff AND HeaderCompressionOff AND filterOff,0,1.0,1.0,1.0,28,0.4184329509735107
1,62746.3954539373,13728,PPMd = 1,PPMd,0,1.0,1.0,1.0,29,0.4606878757476806
2,65394.81635329379,17160,HeaderCompressionOff = 1 AND filterOff = 1,HeaderCompressionOff AND filterOff,0,1.0,1.0,1.0,29,0.5204551219940186
3,42337.02336839708,3432,BZip2 = 1 AND HeaderCompressionOff = 1 AND filterOff = 1,BZip2 AND HeaderCompressionOff AND filterOff,0,1.0,1.0,1.0,29,0.4138102531433105
4,62193.53780667943,4290,HeaderCompressionOff = 1 AND filterOff = 1 AND mtOff = 1 AND tmOff = 1,mtOff AND tmOff AND HeaderCompressionOff AND filterOff,0,1.0,1.0,1.0,29,0.4472255706787109
1,36928.87916613352,5280,BlockSize = 1024,BlockSize > 768.0 AND BlockSize <= 1536.0,0,1.0,1.0,1.0,3,0.4435958862304687
2,51004.092891488806,6864,BZip2 = 1 AND tmOff = 1,BZip2 AND tmOff,0,1.0,1.0,1.0,3,0.507054328918457
3,10604.411408949263,3432,LZMA2 = 1 AND filterOff = 1 AND mtOff = 1,NOT LZMA AND NOT Deflate AND filterOff,3,0.2857142857142857,0.1666666666666666,1.0,3,0.4161925315856933
4,37215.430029071336,4290,HeaderCompressionOff = 1 AND filterOff = 1 AND mtOff = 1 AND tmOff = 1,tmOff AND mtOff AND filterOff AND HeaderCompressionOff,0,1.0,1.0,1.0,3,0.4562828540802002
1,53049.36665588933,13728,BZip2 = 1,BZip2,0,1.0,1.0,1.0,30,0.4725029468536377
2,43980.44792935554,6864,LZMA2 = 1 AND mtOff = 1,LZMA2 AND mtOff,0,1.0,1.0,1.0,30,0.5191099643707275
3,5356.2663157623165,3432,Deflate = 1 AND HeaderCompressionOff = 1 AND filterOff = 1,Deflate AND HeaderCompressionOff AND filterOff,0,1.0,1.0,1.0,30,0.4180543422698974
4,51634.382869903166,4290,HeaderCompressionOff = 1 AND filterOff = 1 AND mtOff = 1 AND tmOff = 1,filterOff AND HeaderCompressionOff AND mtOff AND tmOff,0,1.0,1.0,1.0,30,0.4497528076171875
1,11570.415602716945,13728,BZip2 = 1,NOT tmOff AND Files > 5.0 AND BZip2,0,0.625,1.0,0.4545454545454545,31,0.4585070610046386
2,22424.90277890899,17160,filterOff = 1 AND mtOff = 1,filterOff AND mtOff,0,1.0,1.0,1.0,31,0.5230307579040527
3,47313.31666853798,3432,HeaderCompressionOff = 1 AND LZMA = 1 AND tmOff = 1,LZMA AND tmOff AND HeaderCompressionOff,0,1.0,1.0,1.0,31,0.4206163883209228
4,7207.630117954284,4290,HeaderCompressionOff = 1 AND filterOff = 1 AND mtOff = 1 AND tmOff = 1,filterOff AND mtOff AND HeaderCompressionOff AND tmOff,0,1.0,1.0,1.0,31,0.4314653873443603
1,10653.28993963814,13728,BZip2 = 1,BZip2,0,1.0,1.0,1.0,32,0.4522979259490967
2,47494.65126696581,6864,LZMA = 1 AND mtOff = 1,LZMA AND mtOff,0,1.0,1.0,1.0,32,0.5249035358428955
3,23340.767206188222,3432,HeaderCompressionOff = 1 AND LZMA2 = 1 AND mtOff = 1,LZMA2 AND mtOff AND HeaderCompressionOff,0,1.0,1.0,1.0,32,0.4176771640777588
4,17222.448827225686,4290,HeaderCompressionOff = 1 AND filterOff = 1 AND mtOff = 1 AND tmOff = 1,HeaderCompressionOff AND mtOff AND tmOff AND filterOff,0,1.0,1.0,1.0,32,0.4266130924224853
1,17786.270536338056,13728,BZip2 = 1,BZip2,0,1.0,1.0,1.0,33,0.4549424648284912
2,53264.1713616088,17160,filterOff = 1 AND mtOff = 1,filterOff AND mtOff,0,1.0,1.0,1.0,33,0.5043580532073975
3,45284.94121851889,3432,LZMA = 1 AND mtOff = 1 AND tmOff = 1,LZMA AND mtOff AND tmOff,0,1.0,1.0,1.0,33,0.4155747890472412
4,64686.75156865281,4290,HeaderCompressionOff = 1 AND filterOff = 1 AND mtOff = 1 AND tmOff = 1,filterOff AND HeaderCompressionOff AND mtOff AND tmOff,0,1.0,1.0,1.0,33,0.4200646877288818
1,8498.248643281913,13728,BZip2 = 1,BZip2,0,1.0,1.0,1.0,34,0.4704194068908691
2,63191.463284935504,6864,PPMd = 1 AND mtOff = 1,PPMd AND mtOff,0,1.0,1.0,1.0,34,0.5150330066680908
3,17265.956099521383,3432,BZip2 = 1 AND filterOff = 1 AND tmOff = 1,BZip2 AND filterOff AND tmOff,0,1.0,1.0,1.0,34,0.4194440841674804
4,52483.97250823713,4290,HeaderCompressionOff = 1 AND filterOff = 1 AND mtOff = 1 AND tmOff = 1,HeaderCompressionOff AND filterOff AND mtOff AND tmOff,0,1.0,1.0,1.0,34,0.4387373924255371
1,42395.99804878468,13728,LZMA2 = 1,LZMA2,0,1.0,1.0,1.0,35,0.4768176078796386
2,54773.78258598618,17160,filterOff = 1 AND mtOff = 1,filterOff AND mtOff,0,1.0,1.0,1.0,35,0.5129256248474121
3,26502.507356222945,3432,BZip2 = 1 AND filterOff = 1 AND mtOff = 1,BZip2 AND mtOff AND filterOff,0,1.0,1.0,1.0,35,0.4095747470855713
4,37126.759889379166,4290,HeaderCompressionOff = 1 AND filterOff = 1 AND mtOff = 1 AND tmOff = 1,mtOff AND tmOff AND HeaderCompressionOff AND filterOff,0,1.0,1.0,1.0,35,0.4268417358398437
1,57393.48386668074,11440,x = 0,x <= 1.0,0,1.0,1.0,1.0,36,0.4672155380249023
2,24352.495266969767,17160,HeaderCompressionOff = 1 AND filterOff = 1,filterOff AND HeaderCompressionOff,0,1.0,1.0,1.0,36,0.5106804370880127
3,64036.4590060942,3432,Deflate = 1 AND HeaderCompressionOff = 1 AND mtOff = 1,Deflate AND mtOff AND HeaderCompressionOff,0,1.0,1.0,1.0,36,0.4155774116516113
4,25956.976226985385,4290,HeaderCompressionOff = 1 AND filterOff = 1 AND mtOff = 1 AND tmOff = 1,HeaderCompressionOff AND filterOff AND mtOff AND tmOff,0,1.0,1.0,1.0,36,0.4462001323699951
1,41850.486145256655,5280,BlockSize = 2048,BlockSize > 1536.0 AND BlockSize <= 3072.0,0,1.0,1.0,1.0,37,0.4513864517211914
2,11084.826761958851,17160,filterOff = 1 AND mtOff = 1,HeaderCompressionOff AND mtOff AND filterOff,0,0.6666666666666666,1.0,0.5,37,0.5117790699005127
3,58554.70475878136,3432,Deflate = 1 AND filterOff = 1 AND tmOff = 1,Deflate AND filterOff AND tmOff,0,1.0,1.0,1.0,37,0.415602445602417
4,42301.36145290451,4290,HeaderCompressionOff = 1 AND filterOff = 1 AND mtOff = 1 AND tmOff = 1,mtOff AND tmOff AND filterOff AND HeaderCompressionOff,0,1.0,1.0,1.0,37,0.4405744075775146
1,31387.29589840197,13728,LZMA = 1,LZMA,0,1.0,1.0,1.0,38,0.451634407043457
2,21908.526866936936,6864,HeaderCompressionOff = 1 AND PPMd = 1,PPMd AND HeaderCompressionOff,0,1.0,1.0,1.0,38,0.5123090744018555
3,23228.92325422021,3432,BZip2 = 1 AND filterOff = 1 AND tmOff = 1,BZip2 AND filterOff AND tmOff,0,1.0,1.0,1.0,38,0.4285886287689209
4,12888.262665440585,4290,HeaderCompressionOff = 1 AND filterOff = 1 AND mtOff = 1 AND tmOff = 1,mtOff AND tmOff AND filterOff AND HeaderCompressionOff,0,1.0,1.0,1.0,38,0.4481642246246338
1,21198.435006105043,13728,Deflate = 1,Deflate,0,1.0,1.0,1.0,39,0.4562511444091797
2,14085.059517895676,6864,HeaderCompressionOff = 1 AND LZMA = 1,LZMA AND HeaderCompressionOff,0,1.0,1.0,1.0,39,0.5174295902252197
3,49246.54095267878,3432,PPMd = 1 AND filterOff = 1 AND tmOff = 1,PPMd AND tmOff AND filterOff,0,1.0,1.0,1.0,39,0.4326395988464355
4,22052.359320360352,4290,HeaderCompressionOff = 1 AND filterOff = 1 AND mtOff = 1 AND tmOff = 1,filterOff AND HeaderCompressionOff AND mtOff AND tmOff,0,1.0,1.0,1.0,39,0.4637987613677978
1,27770.71118865881,13728,LZMA = 1,LZMA,0,1.0,1.0,1.0,4,0.460834264755249
2,12065.871256429791,5720,HeaderCompressionOff = 1 AND x = 2,Files > 25.0,0,0.1495327102803738,0.0833333333333333,0.7272727272727273,4,0.5175948143005371
3,22208.79594040709,3432,HeaderCompressionOff = 1 AND LZMA = 1 AND mtOff = 1,LZMA AND mtOff AND HeaderCompressionOff,0,1.0,1.0,1.0,4,0.4140000343322754
4,63792.15694874351,4290,HeaderCompressionOff = 1 AND filterOff = 1 AND mtOff = 1 AND tmOff = 1,mtOff AND tmOff AND HeaderCompressionOff AND filterOff,0,1.0,1.0,1.0,4,0.4521939754486084
1,21684.523621694814,13728,PPMd = 1,PPMd,0,1.0,1.0,1.0,40,0.4544146060943603
2,27516.973034893843,17160,filterOff = 1 AND tmOff = 1,filterOff AND tmOff,0,1.0,1.0,1.0,40,0.5137033462524414
3,5097.724788788437,3432,LZMA = 1 AND filterOff = 1 AND mtOff = 1,LZMA AND filterOff AND mtOff,0,1.0,1.0,1.0,40,0.4335308074951172
4,50139.50845108161,4290,HeaderCompressionOff = 1 AND filterOff = 1 AND mtOff = 1 AND tmOff = 1,filterOff AND tmOff AND mtOff AND HeaderCompressionOff,0,1.0,1.0,1.0,40,0.4491517543792724
1,41184.43899030485,13728,PPMd = 1,PPMd,0,1.0,1.0,1.0,41,0.4525425434112549
2,58286.70910629537,6864,BZip2 = 1 AND HeaderCompressionOff = 1,BZip2 AND HeaderCompressionOff,0,1.0,1.0,1.0,41,0.525770902633667
3,12452.47697516245,3432,LZMA2 = 1 AND filterOff = 1 AND mtOff = 1,LZMA2 AND filterOff AND mtOff,0,1.0,1.0,1.0,41,0.4352662563323974
4,57862.46111606663,4290,HeaderCompressionOff = 1 AND filterOff = 1 AND mtOff = 1 AND tmOff = 1,HeaderCompressionOff AND filterOff AND tmOff AND mtOff,0,1.0,1.0,1.0,41,0.4635365009307861
1,6830.9490516593305,11440,x = 8,x > 7.0 AND x <= 9.0,0,1.0,1.0,1.0,42,0.4588320255279541
2,44923.65208920936,5720,HeaderCompressionOff = 1 AND x = 2,x <= 3.0 AND x > 1.0 AND HeaderCompressionOff,0,1.0,1.0,1.0,42,0.5207397937774658
3,9937.316435339108,3432,BZip2 = 1 AND filterOff = 1 AND mtOff = 1,BZip2 AND mtOff AND filterOff,0,1.0,1.0,1.0,42,0.4280362129211426
4,33512.045121720555,4290,HeaderCompressionOff = 1 AND filterOff = 1 AND mtOff = 1 AND tmOff = 1,tmOff AND HeaderCompressionOff AND mtOff AND filterOff,0,1.0,1.0,1.0,42,0.445580244064331
1,48972.31481164729,13728,PPMd = 1,PPMd,0,1.0,1.0,1.0,43,0.4599142074584961
2,38182.43658788036,6864,PPMd = 1 AND mtOff = 1,PPMd AND mtOff,0,1.0,1.0,1.0,43,0.5222432613372803
3,51584.6255138837,3432,PPMd = 1 AND filterOff = 1 AND mtOff = 1,PPMd AND mtOff AND filterOff,0,1.0,1.0,1.0,43,0.4072422981262207
4,13600.1092738659,4290,HeaderCompressionOff = 1 AND filterOff = 1 AND mtOff = 1 AND tmOff = 1,mtOff AND HeaderCompressionOff AND tmOff AND filterOff,0,1.0,1.0,1.0,43,0.4239373207092285
1,22557.988253992607,13728,LZMA = 1,LZMA,0,1.0,1.0,1.0,44,0.4645640850067138
2,22496.068400928885,6864,LZMA2 = 1 AND tmOff = 1,LZMA2 AND tmOff,0,1.0,1.0,1.0,44,0.5313253402709961
3,12472.83336955959,3432,LZMA = 1 AND mtOff = 1 AND tmOff = 1,x <= 7.0 AND Files <= 45.0 AND mtOff AND NOT Deflate AND tmOff AND Files <= 15.0 AND LZMA,2,0.2162162162162162,1.0,0.1212121212121212,44,0.4181859493255615
4,55686.294652140925,4290,HeaderCompressionOff = 1 AND filterOff = 1 AND mtOff = 1 AND tmOff = 1,tmOff AND filterOff AND mtOff AND HeaderCompressionOff,0,1.0,1.0,1.0,44,0.4302487373352051
1,7846.465238289117,13728,LZMA2 = 1,LZMA2,0,1.0,1.0,1.0,45,0.4584360122680664
2,35430.53693158031,5720,tmOff = 1 AND x = 0,x <= 1.0 AND tmOff,0,1.0,1.0,1.0,45,0.5248990058898926
3,53642.86848865776,3432,Deflate = 1 AND mtOff = 1 AND tmOff = 1,Deflate AND tmOff AND mtOff,0,1.0,1.0,1.0,45,0.4220714569091797
4,15686.597095786949,4290,HeaderCompressionOff = 1 AND filterOff = 1 AND mtOff = 1 AND tmOff = 1,filterOff AND HeaderCompressionOff AND tmOff AND mtOff,0,1.0,1.0,1.0,45,0.432650089263916
1,23550.033605405457,5280,BlockSize = 32,BlockSize <= 48.0 AND BlockSize > 24.0,0,1.0,1.0,1.0,46,0.4488153457641601
2,61000.477981214906,6864,Deflate = 1 AND mtOff = 1,Deflate AND mtOff,0,1.0,1.0,1.0,46,0.5263280868530273
3,35466.93896600905,3432,Deflate = 1 AND HeaderCompressionOff = 1 AND tmOff = 1,Deflate AND tmOff AND HeaderCompressionOff,0,1.0,1.0,1.0,46,0.4119133949279785
4,29219.86924468853,4290,HeaderCompressionOff = 1 AND filterOff = 1 AND mtOff = 1 AND tmOff = 1,mtOff AND filterOff AND HeaderCompressionOff AND tmOff,0,1.0,1.0,1.0,46,0.4308009147644043
1,9974.419546276024,13728,LZMA2 = 1,LZMA2,0,1.0,1.0,1.0,47,0.4572498798370361
2,13136.611651232442,5720,mtOff = 1 AND x = 4,mtOff AND x > 3.0 AND x <= 5.0,0,1.0,1.0,1.0,47,0.5134985446929932
3,9953.103765074691,3432,PPMd = 1 AND filterOff = 1 AND mtOff = 1,PPMd AND filterOff AND mtOff,0,1.0,1.0,1.0,47,0.4248189926147461
4,45356.66036115537,4290,HeaderCompressionOff = 1 AND filterOff = 1 AND mtOff = 1 AND tmOff = 1,mtOff AND filterOff AND HeaderCompressionOff AND tmOff,0,1.0,1.0,1.0,47,0.4591338634490967
1,6509.287222619075,13728,PPMd = 1,PPMd,0,1.0,1.0,1.0,48,0.4557034969329834
2,48302.40200059785,6864,BZip2 = 1 AND mtOff = 1,BZip2 AND mtOff,0,1.0,1.0,1.0,48,0.5289957523345947
3,60090.47267902032,3432,LZMA = 1 AND filterOff = 1 AND tmOff = 1,LZMA AND tmOff AND filterOff,0,1.0,1.0,1.0,48,0.4078552722930908
4,52789.81975746246,4290,HeaderCompressionOff = 1 AND filterOff = 1 AND mtOff = 1 AND tmOff = 1,tmOff AND filterOff AND HeaderCompressionOff AND mtOff,0,1.0,1.0,1.0,48,0.4387431144714355
1,13488.611209721164,13728,PPMd = 1,PPMd,0,1.0,1.0,1.0,49,0.4525394439697265
2,41260.82451664778,5720,tmOff = 1 AND x = 4,tmOff AND x <= 5.0 AND x > 3.0,0,1.0,1.0,1.0,49,0.5080883502960205
3,61433.39877005978,3432,HeaderCompressionOff = 1 AND PPMd = 1 AND mtOff = 1,PPMd AND mtOff AND HeaderCompressionOff,0,1.0,1.0,1.0,49,0.4153976440429687
4,26786.567236558112,4290,HeaderCompressionOff = 1 AND filterOff = 1 AND mtOff = 1 AND tmOff = 1,HeaderCompressionOff AND mtOff AND tmOff AND filterOff,0,1.0,1.0,1.0,49,0.4453287124633789
1,28356.88256794675,13728,Deflate = 1,Deflate,0,1.0,1.0,1.0,5,0.4544081687927246
2,49983.22087014353,5720,tmOff = 1 AND x = 8,x > 7.0 AND x <= 9.0 AND tmOff,0,1.0,1.0,1.0,5,0.5086636543273926
3,34585.25500249576,3432,Deflate = 1 AND filterOff = 1 AND mtOff = 1,Deflate AND mtOff AND filterOff,0,1.0,1.0,1.0,5,0.4018847942352295
4,56560.552405529656,4290,HeaderCompressionOff = 1 AND filterOff = 1 AND mtOff = 1 AND tmOff = 1,filterOff AND mtOff AND HeaderCompressionOff AND tmOff,0,1.0,1.0,1.0,5,0.4440782070159912
1,61505.694555359216,13728,BZip2 = 1,BZip2,0,1.0,1.0,1.0,50,0.4573266506195068
2,8710.458623713972,6864,LZMA = 1 AND filterOff = 1,LZMA AND filterOff,0,1.0,1.0,1.0,50,0.5096700191497803
3,21147.76692277421,3432,PPMd = 1 AND filterOff = 1 AND mtOff = 1,PPMd AND filterOff AND mtOff,0,1.0,1.0,1.0,50,0.4218747615814209
4,11504.573951071514,4290,HeaderCompressionOff = 1 AND filterOff = 1 AND mtOff = 1 AND tmOff = 1,mtOff,0,0.2222222222222222,0.125,1.0,50,0.4297990798950195
1,65085.669653381854,6240,Files = 50,Files > 45.0 AND Files <= 55.0,0,1.0,1.0,1.0,51,0.4578015804290771
2,18614.40381755988,6864,LZMA = 1 AND mtOff = 1,LZMA AND mtOff,0,1.0,1.0,1.0,51,0.5239734649658203
3,19744.191177862755,3432,PPMd = 1 AND mtOff = 1 AND tmOff = 1,PPMd AND tmOff AND mtOff,0,1.0,1.0,1.0,51,0.4194002151489258
4,31774.32172378133,4290,HeaderCompressionOff = 1 AND filterOff = 1 AND mtOff = 1 AND tmOff = 1,HeaderCompressionOff AND mtOff AND filterOff AND tmOff,0,1.0,1.0,1.0,51,0.432544469833374
1,54900.21790642336,13728,Deflate = 1,Deflate,0,1.0,1.0,1.0,52,0.4569823741912842
2,20324.77601241013,17160,filterOff = 1 AND tmOff = 1,filterOff AND tmOff,0,1.0,1.0,1.0,52,0.5124659538269043
3,49347.37238012331,3432,HeaderCompressionOff = 1 AND PPMd = 1 AND mtOff = 1,PPMd AND HeaderCompressionOff AND mtOff,0,1.0,1.0,1.0,52,0.4200057983398437
4,56671.42251832715,4290,HeaderCompressionOff = 1 AND filterOff = 1 AND mtOff = 1 AND tmOff = 1,mtOff AND tmOff AND HeaderCompressionOff AND filterOff,0,1.0,1.0,1.0,52,0.4391248226165771
1,6175.855107550097,6240,Files = 50,Files <= 55.0 AND Files > 45.0,0,1.0,1.0,1.0,53,0.4557821750640869
2,16104.637262196164,6864,PPMd = 1 AND mtOff = 1,PPMd AND mtOff,0,1.0,1.0,1.0,53,0.5157029628753662
3,23972.00187679573,3432,PPMd = 1 AND mtOff = 1 AND tmOff = 1,PPMd AND mtOff AND tmOff,0,1.0,1.0,1.0,53,0.4227168560028076
4,50848.211672555335,4290,HeaderCompressionOff = 1 AND filterOff = 1 AND mtOff = 1 AND tmOff = 1,tmOff AND mtOff AND filterOff AND HeaderCompressionOff,0,1.0,1.0,1.0,53,0.4477632045745849
1,27649.362237841648,13728,Deflate = 1,Deflate,0,1.0,1.0,1.0,54,0.4535987377166748
2,23798.34187430777,6864,Deflate = 1 AND HeaderCompressionOff = 1,Deflate AND HeaderCompressionOff,0,1.0,1.0,1.0,54,0.5099656581878662
3,51312.99549685205,3432,LZMA = 1 AND filterOff = 1 AND tmOff = 1,LZMA AND tmOff AND filterOff,0,1.0,1.0,1.0,54,0.4168534278869629
4,49493.20121266066,4290,HeaderCompressionOff = 1 AND filterOff = 1 AND mtOff = 1 AND tmOff = 1,HeaderCompressionOff AND filterOff AND tmOff AND mtOff,0,1.0,1.0,1.0,54,0.4298677444458008
1,13357.551381770569,13728,Deflate = 1,Deflate,0,1.0,1.0,1.0,55,0.4629473686218261
2,9811.23005052272,6864,HeaderCompressionOff = 1 AND PPMd = 1,PPMd AND HeaderCompressionOff,0,1.0,1.0,1.0,55,0.5177674293518066
3,7478.697183486788,3432,LZMA2 = 1 AND filterOff = 1 AND mtOff = 1,LZMA2 AND mtOff AND filterOff,0,1.0,1.0,1.0,55,0.4151201248168945
4,38721.96216747205,4290,HeaderCompressionOff = 1 AND filterOff = 1 AND mtOff = 1 AND tmOff = 1,mtOff AND HeaderCompressionOff AND tmOff AND filterOff,0,1.0,1.0,1.0,55,0.4482011795043945
1,11502.06879825925,13728,BZip2 = 1,BlockSize > 24.0 AND BZip2,0,0.761904761904762,1.0,0.6153846153846154,56,0.4626762866973877
2,9589.508073877274,6864,LZMA = 1 AND tmOff = 1,LZMA AND tmOff,0,1.0,1.0,1.0,56,0.5193700790405273
3,61840.92690536151,3432,HeaderCompressionOff = 1 AND LZMA = 1 AND mtOff = 1,LZMA AND mtOff AND HeaderCompressionOff,0,1.0,1.0,1.0,56,0.4102039337158203
4,48532.653876004006,4290,HeaderCompressionOff = 1 AND filterOff = 1 AND mtOff = 1 AND tmOff = 1,tmOff AND mtOff AND filterOff AND HeaderCompressionOff,0,1.0,1.0,1.0,56,0.4231605529785156
1,64355.008276209,11440,x = 0,x <= 1.0,0,1.0,1.0,1.0,57,0.4665939807891845
2,62153.81855500381,17160,HeaderCompressionOff = 1 AND filterOff = 1,HeaderCompressionOff AND filterOff,0,1.0,1.0,1.0,57,0.5073544979095459
3,26726.02018972943,8580,HeaderCompressionOff = 1 AND filterOff = 1 AND tmOff = 1,tmOff AND HeaderCompressionOff AND filterOff,0,1.0,1.0,1.0,57,0.4287257194519043
4,18548.167301175046,4290,HeaderCompressionOff = 1 AND filterOff = 1 AND mtOff = 1 AND tmOff = 1,mtOff AND HeaderCompressionOff AND tmOff AND filterOff,0,1.0,1.0,1.0,57,0.4484765529632568
1,44829.031552522894,13728,PPMd = 1,PPMd,0,1.0,1.0,1.0,58,0.4488255977630615
2,40650.27426195419,6864,PPMd = 1 AND filterOff = 1,PPMd AND filterOff,0,1.0,1.0,1.0,58,0.5075209140777588
3,37174.07688760384,3432,LZMA2 = 1 AND filterOff = 1 AND tmOff = 1,LZMA2 AND filterOff AND tmOff,0,1.0,1.0,1.0,58,0.4246134757995605
4,57063.27566095088,4290,HeaderCompressionOff = 1 AND filterOff = 1 AND mtOff = 1 AND tmOff = 1,mtOff AND filterOff AND HeaderCompressionOff AND tmOff,0,1.0,1.0,1.0,58,0.4452152252197265
1,23346.54684351565,13728,Deflate = 1,Deflate,0,1.0,1.0,1.0,59,0.4638144969940185
2,19467.45985583624,5720,tmOff = 1 AND x = 2,x <= 3.0 AND tmOff AND x > 1.0,0,1.0,1.0,1.0,59,0.5217447280883789
3,59456.711394965125,3432,HeaderCompressionOff = 1 AND LZMA = 1 AND mtOff = 1,LZMA AND mtOff AND HeaderCompressionOff,0,1.0,1.0,1.0,59,0.4247415065765381
4,33307.995104562266,4290,HeaderCompressionOff = 1 AND filterOff = 1 AND mtOff = 1 AND tmOff = 1,filterOff AND HeaderCompressionOff AND mtOff AND tmOff,0,1.0,1.0,1.0,59,0.4449148178100586
1,54875.80049902007,11440,x = 6,x > 5.0 AND x <= 7.0,0,1.0,1.0,1.0,6,0.4612164497375488
2,50142.62235521557,6864,HeaderCompressionOff = 1 AND LZMA = 1,LZMA AND HeaderCompressionOff,0,1.0,1.0,1.0,6,0.5202691555023193
3,43361.93674145389,3432,BZip2 = 1 AND HeaderCompressionOff = 1 AND mtOff = 1,BZip2 AND mtOff AND HeaderCompressionOff,0,1.0,1.0,1.0,6,0.3986251354217529
4,63994.486013796224,4290,HeaderCompressionOff = 1 AND filterOff = 1 AND mtOff = 1 AND tmOff = 1,HeaderCompressionOff AND tmOff AND mtOff AND filterOff,0,1.0,1.0,1.0,6,0.4322102069854736
1,56136.32605767781,13728,LZMA = 1,LZMA,0,1.0,1.0,1.0,60,0.4630074501037597
2,64314.54996815942,6864,PPMd = 1 AND filterOff = 1,PPMd AND filterOff,0,1.0,1.0,1.0,60,0.5197093486785889
3,6754.109617890076,3432,PPMd = 1 AND filterOff = 1 AND tmOff = 1,PPMd AND tmOff AND filterOff,0,1.0,1.0,1.0,60,0.4367613792419433
4,27630.51925700055,4290,HeaderCompressionOff = 1 AND filterOff = 1 AND mtOff = 1 AND tmOff = 1,mtOff AND HeaderCompressionOff AND tmOff AND filterOff,0,1.0,1.0,1.0,60,0.4611663818359375
1,10225.673788715108,11440,x = 4,x <= 7.0 AND x > 3.0 AND x <= 5.0,0,1.0,1.0,1.0,61,0.4707231521606445
2,22150.519183146054,6864,BZip2 = 1 AND tmOff = 1,BZip2 AND tmOff,0,1.0,1.0,1.0,61,0.527310848236084
3,39914.01536971179,3432,LZMA = 1 AND filterOff = 1 AND tmOff = 1,LZMA AND tmOff AND filterOff,0,1.0,1.0,1.0,61,0.4411311149597168
4,26949.530982663407,4290,HeaderCompressionOff = 1 AND filterOff = 1 AND mtOff = 1 AND tmOff = 1,filterOff AND mtOff AND tmOff AND HeaderCompressionOff,0,1.0,1.0,1.0,61,0.4601798057556152
1,35031.17460278874,13728,Deflate = 1,Deflate,0,1.0,1.0,1.0,62,0.4638566970825195
2,23888.284894060434,6864,LZMA = 1 AND mtOff = 1,LZMA AND mtOff,0,1.0,1.0,1.0,62,0.509498119354248
3,43462.44703937865,3432,LZMA2 = 1 AND filterOff = 1 AND mtOff = 1,LZMA2 AND mtOff AND filterOff,0,1.0,1.0,1.0,62,0.4181225299835205
4,63685.891515356736,4290,HeaderCompressionOff = 1 AND filterOff = 1 AND mtOff = 1 AND tmOff = 1,tmOff AND HeaderCompressionOff AND mtOff AND filterOff,0,1.0,1.0,1.0,62,0.4330027103424072
1,45482.87920723559,13728,LZMA = 1,LZMA,0,1.0,1.0,1.0,63,0.454686164855957
2,48298.69819803071,6864,Deflate = 1 AND mtOff = 1,Deflate AND mtOff,0,1.0,1.0,1.0,63,0.5078363418579102
3,49974.41789848659,3432,PPMd = 1 AND mtOff = 1 AND tmOff = 1,PPMd AND mtOff AND tmOff,0,1.0,1.0,1.0,63,0.4136123657226562
4,17119.33138331532,4290,HeaderCompressionOff = 1 AND filterOff = 1 AND mtOff = 1 AND tmOff = 1,HeaderCompressionOff AND filterOff AND tmOff AND mtOff,0,1.0,1.0,1.0,63,0.4284768104553222
1,62697.1213238251,5280,BlockSize = 16,BlockSize <= 24.0 AND BlockSize > 12.0,0,1.0,1.0,1.0,64,0.4705324172973633
2,21364.285721775406,6864,HeaderCompressionOff = 1 AND PPMd = 1,PPMd AND HeaderCompressionOff,0,1.0,1.0,1.0,64,0.5159091949462891
3,8385.955172904542,3432,HeaderCompressionOff = 1 AND PPMd = 1 AND mtOff = 1,PPMd AND mtOff AND HeaderCompressionOff,0,1.0,1.0,1.0,64,0.4155123233795166
4,20106.699154202983,4290,HeaderCompressionOff = 1 AND filterOff = 1 AND mtOff = 1 AND tmOff = 1,tmOff AND HeaderCompressionOff AND mtOff AND filterOff,0,1.0,1.0,1.0,64,0.4439520835876465
1,29542.115655288944,13728,Deflate = 1,Deflate,0,1.0,1.0,1.0,65,0.4542617797851562
2,12031.347150266833,6864,LZMA = 1 AND tmOff = 1,x <= 5.0 AND BlockSize > 3.0 AND NOT Deflate,4,0.1929824561403508,0.125,0.4230769230769231,65,0.5046565532684326
3,7664.471036139867,3432,BZip2 = 1 AND HeaderCompressionOff = 1 AND filterOff = 1,BZip2 AND filterOff AND HeaderCompressionOff,0,1.0,1.0,1.0,65,0.4183087348937988
4,31563.819557542887,4290,HeaderCompressionOff = 1 AND filterOff = 1 AND mtOff = 1 AND tmOff = 1,tmOff AND filterOff AND mtOff AND HeaderCompressionOff,0,1.0,1.0,1.0,65,0.4194605350494385
1,14331.67395408979,13728,LZMA2 = 1,LZMA2,0,1.0,1.0,1.0,66,0.4707303047180176
2,36978.53694673238,6864,BZip2 = 1 AND tmOff = 1,BZip2 AND tmOff,0,1.0,1.0,1.0,66,0.5055854320526123
3,56422.53777330107,3432,HeaderCompressionOff = 1 AND PPMd = 1 AND filterOff = 1,PPMd AND filterOff AND HeaderCompressionOff,0,1.0,1.0,1.0,66,0.4160106182098388
4,40512.11304699432,4290,HeaderCompressionOff = 1 AND filterOff = 1 AND mtOff = 1 AND tmOff = 1,HeaderCompressionOff AND filterOff AND tmOff AND mtOff,0,1.0,1.0,1.0,66,0.4338629245758056
1,48341.600156988,13728,Deflate = 1,Deflate,0,1.0,1.0,1.0,67,0.4634060859680176
2,60408.63182621377,5720,filterOff = 1 AND x = 4,filterOff AND x <= 5.0 AND x > 3.0,0,1.0,1.0,1.0,67,0.5158443450927734
3,63909.95965613743,3432,LZMA = 1 AND filterOff = 1 AND mtOff = 1,LZMA AND mtOff AND filterOff,0,1.0,1.0,1.0,67,0.4104135036468506
4,25091.32691232362,4290,HeaderCompressionOff = 1 AND filterOff = 1 AND mtOff = 1 AND tmOff = 1,HeaderCompressionOff AND filterOff AND mtOff AND tmOff,0,1.0,1.0,1.0,67,0.4268646240234375
1,64860.7664021664,13728,Deflate = 1,Deflate,0,1.0,1.0,1.0,68,0.4533329010009765
2,10894.126213167792,6864,Deflate = 1 AND mtOff = 1,Files <= 85.0 AND mtOff AND Deflate,0,0.9,1.0,0.8181818181818182,68,0.5043387413024902
3,51854.91655892582,3432,Deflate = 1 AND filterOff = 1 AND mtOff = 1,Deflate AND mtOff AND filterOff,0,1.0,1.0,1.0,68,0.4244258403778076
4,50140.849548177575,4290,HeaderCompressionOff = 1 AND filterOff = 1 AND mtOff = 1 AND tmOff = 1,mtOff AND tmOff AND filterOff AND HeaderCompressionOff,0,1.0,1.0,1.0,68,0.4448239803314209
1,37817.91033319638,6240,Files = 90,Files > 85.0 AND Files <= 95.0,0,1.0,1.0,1.0,69,0.4440033435821533
2,17912.637064456132,6864,PPMd = 1 AND mtOff = 1,PPMd AND mtOff,0,1.0,1.0,1.0,69,0.5202791690826416
3,34490.00069539355,8580,filterOff = 1 AND mtOff = 1 AND tmOff = 1,tmOff AND mtOff AND filterOff,0,1.0,1.0,1.0,69,0.4081621170043945
4,22934.97138990189,4290,HeaderCompressionOff = 1 AND filterOff = 1 AND mtOff = 1 AND tmOff = 1,filterOff AND HeaderCompressionOff AND mtOff AND tmOff,0,1.0,1.0,1.0,69,0.4413051605224609
1,13133.44806368254,13728,LZMA2 = 1,LZMA2,0,1.0,1.0,1.0,7,0.4423015117645263
2,35383.41104324375,6864,Deflate = 1 AND HeaderCompressionOff = 1,Deflate AND HeaderCompressionOff,0,1.0,1.0,1.0,7,0.5113387107849121
3,51229.961182776846,3432,PPMd = 1 AND filterOff = 1 AND mtOff = 1,PPMd AND mtOff AND filterOff,0,1.0,1.0,1.0,7,0.403407335281372
4,28915.76398279028,4290,HeaderCompressionOff = 1 AND filterOff = 1 AND mtOff = 1 AND tmOff = 1,mtOff AND HeaderCompressionOff AND tmOff AND filterOff,0,1.0,1.0,1.0,7,0.4384887218475342
1,33130.84418658322,5280,BlockSize = 64,BlockSize > 48.0 AND BlockSize <= 96.0,0,1.0,1.0,1.0,70,0.4714226722717285
2,51296.88816478888,5720,HeaderCompressionOff = 1 AND x = 4,HeaderCompressionOff AND x <= 5.0 AND x > 3.0,0,1.0,1.0,1.0,70,0.5272719860076904
3,33061.32860196479,3432,LZMA2 = 1 AND filterOff = 1 AND tmOff = 1,LZMA2 AND tmOff AND filterOff,0,1.0,1.0,1.0,70,0.4083187580108642
4,33244.76539296869,4290,HeaderCompressionOff = 1 AND filterOff = 1 AND mtOff = 1 AND tmOff = 1,tmOff AND filterOff AND HeaderCompressionOff AND mtOff,0,1.0,1.0,1.0,70,0.4199433326721191
1,45694.897462500405,13728,PPMd = 1,PPMd,0,1.0,1.0,1.0,71,0.4714195728302002
2,61321.736082191135,17160,HeaderCompressionOff = 1 AND filterOff = 1,filterOff AND HeaderCompressionOff,0,1.0,1.0,1.0,71,0.5220379829406738
3,58841.84224373107,3432,HeaderCompressionOff = 1 AND PPMd = 1 AND filterOff = 1,PPMd AND HeaderCompressionOff AND filterOff,0,1.0,1.0,1.0,71,0.4165339469909668
4,56847.66193807757,4290,HeaderCompressionOff = 1 AND filterOff = 1 AND mtOff = 1 AND tmOff = 1,tmOff AND mtOff AND filterOff AND HeaderCompressionOff,0,1.0,1.0,1.0,71,0.4359426498413086
1,33095.02653890422,13728,Deflate = 1,Deflate,0,1.0,1.0,1.0,72,0.4627983570098877
2,38136.224057234525,6864,LZMA2 = 1 AND tmOff = 1,LZMA2 AND tmOff,0,1.0,1.0,1.0,72,0.5099766254425049
3,17797.92451993871,3432,LZMA = 1 AND filterOff = 1 AND mtOff = 1,LZMA AND filterOff AND mtOff,0,1.0,1.0,1.0,72,0.4184181690216064
4,19773.040056921483,4290,HeaderCompressionOff = 1 AND filterOff = 1 AND mtOff = 1 AND tmOff = 1,mtOff AND filterOff AND HeaderCompressionOff AND tmOff,0,1.0,1.0,1.0,72,0.4361939430236816
1,54990.81388126695,11440,x = 4,x <= 5.0 AND x > 3.0,0,1.0,1.0,1.0,73,0.4597694873809814
2,16902.388087754713,5720,mtOff = 1 AND x = 8,x > 7.0 AND x <= 9.0 AND mtOff,0,1.0,1.0,1.0,73,0.5127451419830322
3,9139.768166160473,3432,LZMA = 1 AND filterOff = 1 AND tmOff = 1,LZMA AND tmOff AND filterOff,0,1.0,1.0,1.0,73,0.4173524379730224
4,33809.50393631061,4290,HeaderCompressionOff = 1 AND filterOff = 1 AND mtOff = 1 AND tmOff = 1,mtOff AND tmOff AND HeaderCompressionOff AND filterOff,0,1.0,1.0,1.0,73,0.4359962940216064
1,39818.21850054209,13728,LZMA2 = 1,LZMA2,0,1.0,1.0,1.0,74,0.4589676856994629
2,39466.817842680925,6864,HeaderCompressionOff = 1 AND LZMA2 = 1,LZMA2 AND HeaderCompressionOff,0,1.0,1.0,1.0,74,0.5188045501708984
3,56271.90738092577,3432,BZip2 = 1 AND HeaderCompressionOff = 1 AND tmOff = 1,BZip2 AND tmOff AND HeaderCompressionOff,0,1.0,1.0,1.0,74,0.4138813018798828
4,14734.21220333514,4290,HeaderCompressionOff = 1 AND filterOff = 1 AND mtOff = 1 AND tmOff = 1,tmOff AND HeaderCompressionOff AND mtOff AND filterOff,0,1.0,1.0,1.0,74,0.4421637058258056
1,23298.16235236336,13728,LZMA = 1,LZMA,0,1.0,1.0,1.0,75,0.4687480926513672
2,42932.297985720485,6864,BZip2 = 1 AND filterOff = 1,BZip2 AND filterOff,0,1.0,1.0,1.0,75,0.519301176071167
3,28437.76552036806,3432,LZMA = 1 AND filterOff = 1 AND tmOff = 1,LZMA AND filterOff AND tmOff,0,1.0,1.0,1.0,75,0.4221405982971191
4,42720.0945865483,4290,HeaderCompressionOff = 1 AND filterOff = 1 AND mtOff = 1 AND tmOff = 1,mtOff AND filterOff AND HeaderCompressionOff AND tmOff,0,1.0,1.0,1.0,75,0.4388954639434814
1,37324.60946763399,13728,PPMd = 1,PPMd,0,1.0,1.0,1.0,76,0.4691104888916015
2,7057.777162857769,5720,filterOff = 1 AND x = 8,x > 7.0 AND filterOff AND x <= 9.0,0,1.0,1.0,1.0,76,0.5209915637969971
3,44057.60632783749,3432,HeaderCompressionOff = 1 AND PPMd = 1 AND filterOff = 1,PPMd AND HeaderCompressionOff AND filterOff,0,1.0,1.0,1.0,76,0.4293372631072998
4,48885.52568687047,4290,HeaderCompressionOff = 1 AND filterOff = 1 AND mtOff = 1 AND tmOff = 1,tmOff AND HeaderCompressionOff AND mtOff AND filterOff,0,1.0,1.0,1.0,76,0.4518899917602539
1,39819.25084552741,13728,PPMd = 1,PPMd,0,1.0,1.0,1.0,77,0.472461462020874
2,58315.05928850793,5720,filterOff = 1 AND x = 0,x <= 1.0 AND filterOff,0,1.0,1.0,1.0,77,0.5241248607635498
3,32183.847411110204,3432,PPMd = 1 AND filterOff = 1 AND mtOff = 1,PPMd AND filterOff AND mtOff,0,1.0,1.0,1.0,77,0.4345545768737793
4,10095.635914725452,4290,HeaderCompressionOff = 1 AND filterOff = 1 AND mtOff = 1 AND tmOff = 1,BlockSize > 3.0 AND filterOff AND tmOff AND HeaderCompressionOff AND mtOff,0,0.9166666666666666,1.0,0.8461538461538461,77,0.4538521766662597
1,45813.48370888691,5280,BlockSize = 32,BlockSize <= 48.0 AND BlockSize > 24.0,0,1.0,1.0,1.0,78,0.4445500373840332
2,21009.045052021746,17160,HeaderCompressionOff = 1 AND mtOff = 1,mtOff AND HeaderCompressionOff,0,1.0,1.0,1.0,78,0.5220558643341064
3,31384.564147289268,3432,HeaderCompressionOff = 1 AND PPMd = 1 AND filterOff = 1,PPMd AND filterOff AND HeaderCompressionOff,0,1.0,1.0,1.0,78,0.4320874214172363
4,59942.45000799087,4290,HeaderCompressionOff = 1 AND filterOff = 1 AND mtOff = 1 AND tmOff = 1,mtOff AND tmOff AND filterOff AND HeaderCompressionOff,0,1.0,1.0,1.0,78,0.4464621543884277
1,49030.76791470787,11440,x = 6,x > 5.0 AND x <= 7.0,0,1.0,1.0,1.0,79,0.4706783294677734
2,55047.50680452599,6864,LZMA2 = 1 AND mtOff = 1,LZMA2 AND mtOff,0,1.0,1.0,1.0,79,0.5211629867553711
3,17654.43098752755,3432,HeaderCompressionOff = 1 AND LZMA2 = 1 AND filterOff = 1,LZMA2 AND filterOff AND HeaderCompressionOff,0,1.0,1.0,1.0,79,0.4365420341491699
4,17194.621773295126,4290,HeaderCompressionOff = 1 AND filterOff = 1 AND mtOff = 1 AND tmOff = 1,HeaderCompressionOff AND filterOff AND mtOff AND tmOff,0,1.0,1.0,1.0,79,0.4582819938659668
1,41457.83985460454,13728,LZMA2 = 1,LZMA2,0,1.0,1.0,1.0,8,0.463245153427124
2,7547.769245452256,17160,HeaderCompressionOff = 1 AND filterOff = 1,filterOff AND HeaderCompressionOff,0,1.0,1.0,1.0,8,0.5067653656005859
3,20421.157723307468,3432,HeaderCompressionOff = 1 AND LZMA = 1 AND mtOff = 1,LZMA AND mtOff AND HeaderCompressionOff,0,1.0,1.0,1.0,8,0.4129707813262939
4,42326.98223878282,4290,HeaderCompressionOff = 1 AND filterOff = 1 AND mtOff = 1 AND tmOff = 1,mtOff AND tmOff AND HeaderCompressionOff AND filterOff,0,1.0,1.0,1.0,8,0.4299864768981933
1,51798.90022267806,13728,LZMA = 1,LZMA,0,1.0,1.0,1.0,80,0.4628040790557861
2,11404.646487445703,6864,PPMd = 1 AND tmOff = 1,Files <= 65.0 AND Files > 25.0 AND tmOff,4,0.2580645161290322,0.2,0.3636363636363636,80,0.5112142562866211
3,27060.492841193896,3432,HeaderCompressionOff = 1 AND PPMd = 1 AND mtOff = 1,PPMd AND mtOff AND HeaderCompressionOff,0,1.0,1.0,1.0,80,0.4292693138122558
4,30772.82999749824,4290,HeaderCompressionOff = 1 AND filterOff = 1 AND mtOff = 1 AND tmOff = 1,tmOff AND HeaderCompressionOff AND mtOff AND filterOff,0,1.0,1.0,1.0,80,0.4561402797698974
1,16554.96429908117,13728,LZMA2 = 1,LZMA2,0,1.0,1.0,1.0,81,0.4667754173278808
2,19534.92714526927,6864,BZip2 = 1 AND HeaderCompressionOff = 1,BZip2 AND HeaderCompressionOff,0,1.0,1.0,1.0,81,0.5112700462341309
3,50716.220264364514,3432,Deflate = 1 AND mtOff = 1 AND tmOff = 1,Deflate AND mtOff AND tmOff,0,1.0,1.0,1.0,81,0.4159698486328125
4,15158.82551048786,4290,HeaderCompressionOff = 1 AND filterOff = 1 AND mtOff = 1 AND tmOff = 1,HeaderCompressionOff AND mtOff AND filterOff AND tmOff,0,1.0,1.0,1.0,81,0.4276764392852783
1,36456.66669813709,13728,PPMd = 1,PPMd,0,1.0,1.0,1.0,82,0.4569985866546631
2,16378.536510822903,6864,HeaderCompressionOff = 1 AND LZMA = 1,LZMA AND HeaderCompressionOff,0,1.0,1.0,1.0,82,0.5212390422821045
3,20020.94238604947,8580,HeaderCompressionOff = 1 AND filterOff = 1 AND mtOff = 1,filterOff AND HeaderCompressionOff AND mtOff,0,1.0,1.0,1.0,82,0.405289888381958
4,61900.21998598994,4290,HeaderCompressionOff = 1 AND filterOff = 1 AND mtOff = 1 AND tmOff = 1,HeaderCompressionOff AND mtOff AND filterOff AND tmOff,0,1.0,1.0,1.0,82,0.4344573020935058
1,39519.48795125069,5280,BlockSize = 4,BlockSize <= 6.0 AND BlockSize > 3.0,0,1.0,1.0,1.0,83,0.4561848640441894
2,18389.608784607262,5720,tmOff = 1 AND x = 6,x > 5.0 AND x <= 7.0 AND tmOff,0,1.0,1.0,1.0,83,0.5144140720367432
3,23307.611936959336,3432,HeaderCompressionOff = 1 AND PPMd = 1 AND filterOff = 1,PPMd AND filterOff AND HeaderCompressionOff,0,1.0,1.0,1.0,83,0.4071774482727051
4,58890.37930309863,4290,HeaderCompressionOff = 1 AND filterOff = 1 AND mtOff = 1 AND tmOff = 1,HeaderCompressionOff AND tmOff AND mtOff AND filterOff,0,1.0,1.0,1.0,83,0.4228565692901611
1,44726.99756454114,13728,LZMA2 = 1,LZMA2,0,1.0,1.0,1.0,84,0.4593236446380615
2,11579.527174362349,6864,HeaderCompressionOff = 1 AND LZMA = 1,x > 1.0 AND NOT Deflate AND BlockSize > 6.0 AND x > 5.0 AND NOT PPMd,4,0.2325581395348837,0.1666666666666666,0.3846153846153846,84,0.5142128467559814
3,52850.51534140111,3432,PPMd = 1 AND mtOff = 1 AND tmOff = 1,PPMd AND tmOff AND mtOff,0,1.0,1.0,1.0,84,0.4173479080200195
4,32095.78214080753,4290,HeaderCompressionOff = 1 AND filterOff = 1 AND mtOff = 1 AND tmOff = 1,mtOff AND filterOff AND tmOff AND HeaderCompressionOff,0,1.0,1.0,1.0,84,0.4521474838256836
1,9521.0436099625,13728,LZMA2 = 1,LZMA2,0,1.0,1.0,1.0,85,0.4661455154418945
2,57675.19906873445,6864,HeaderCompressionOff = 1 AND LZMA = 1,LZMA AND HeaderCompressionOff,0,1.0,1.0,1.0,85,0.5143296718597412
3,19641.058900062508,3432,BZip2 = 1 AND HeaderCompressionOff = 1 AND filterOff = 1,BZip2 AND filterOff AND HeaderCompressionOff,0,1.0,1.0,1.0,85,0.409409761428833
4,32645.666349025527,4290,HeaderCompressionOff = 1 AND filterOff = 1 AND mtOff = 1 AND tmOff = 1,mtOff AND HeaderCompressionOff AND filterOff AND tmOff,0,1.0,1.0,1.0,85,0.4381678104400635
1,20047.460707699505,13728,PPMd = 1,PPMd,0,1.0,1.0,1.0,86,0.4551279544830322
2,47463.652407006775,6864,BZip2 = 1 AND mtOff = 1,BZip2 AND mtOff,0,1.0,1.0,1.0,86,0.5140261650085449
3,25639.69024916797,3432,LZMA = 1 AND mtOff = 1 AND tmOff = 1,LZMA AND mtOff AND tmOff,0,1.0,1.0,1.0,86,0.422032356262207
4,18071.808307162864,4290,HeaderCompressionOff = 1 AND filterOff = 1 AND mtOff = 1 AND tmOff = 1,HeaderCompressionOff AND mtOff AND filterOff AND tmOff,0,1.0,1.0,1.0,86,0.4362995624542236
1,16719.179158721123,13728,Deflate = 1,Deflate,0,1.0,1.0,1.0,87,0.4684567451477051
2,37675.59589294696,5720,filterOff = 1 AND x = 0,x <= 1.0 AND filterOff,0,1.0,1.0,1.0,87,0.5284633636474609
3,48995.725759992056,3432,HeaderCompressionOff = 1 AND PPMd = 1 AND tmOff = 1,PPMd AND tmOff AND HeaderCompressionOff,0,1.0,1.0,1.0,87,0.4081528186798095
4,36785.52751166673,4290,HeaderCompressionOff = 1 AND filterOff = 1 AND mtOff = 1 AND tmOff = 1,HeaderCompressionOff AND filterOff AND mtOff AND tmOff,0,1.0,1.0,1.0,87,0.4252095222473144
1,51942.02375610398,6240,Files = 0,Files <= 5.0,0,1.0,1.0,1.0,88,0.4586422443389892
2,16058.992930230848,6864,LZMA2 = 1 AND filterOff = 1,LZMA2 AND filterOff,0,1.0,1.0,1.0,88,0.5107889175415039
3,29501.70380974345,3432,LZMA = 1 AND filterOff = 1 AND mtOff = 1,LZMA AND mtOff AND filterOff,0,1.0,1.0,1.0,88,0.411961555480957
4,23293.50909610742,4290,HeaderCompressionOff = 1 AND filterOff = 1 AND mtOff = 1 AND tmOff = 1,mtOff AND HeaderCompressionOff AND filterOff AND tmOff,0,1.0,1.0,1.0,88,0.4310574531555176
1,45485.30317105529,11440,x = 10,x > 9.0,0,1.0,1.0,1.0,89,0.4566259384155273
2,57286.78218281835,6864,HeaderCompressionOff = 1 AND LZMA = 1,LZMA AND HeaderCompressionOff,0,1.0,1.0,1.0,89,0.5405948162078857
3,49224.38978089636,3432,BZip2 = 1 AND filterOff = 1 AND tmOff = 1,BZip2 AND tmOff AND filterOff,0,1.0,1.0,1.0,89,0.4129767417907715
4,64653.74902227303,4290,HeaderCompressionOff = 1 AND filterOff = 1 AND mtOff = 1 AND tmOff = 1,filterOff AND mtOff AND HeaderCompressionOff AND tmOff,0,1.0,1.0,1.0,89,0.4312238693237304
1,39936.790615829865,13728,PPMd = 1,PPMd,0,1.0,1.0,1.0,9,0.4614949226379394
2,23235.65159481858,5720,tmOff = 1 AND x = 2,x <= 3.0 AND x > 1.0 AND tmOff,0,1.0,1.0,1.0,9,0.5076472759246826
3,23991.409200264,3432,Deflate = 1 AND HeaderCompressionOff = 1 AND tmOff = 1,Deflate AND tmOff AND HeaderCompressionOff,0,1.0,1.0,1.0,9,0.408808946609497
4,8371.039000429439,4290,HeaderCompressionOff = 1 AND filterOff = 1 AND mtOff = 1 AND tmOff = 1,tmOff AND HeaderCompressionOff AND mtOff AND filterOff,0,1.0,1.0,1.0,9,0.4320776462554931
1,57051.84203618792,5280,BlockSize = 2048,BlockSize > 1536.0 AND BlockSize <= 3072.0,0,1.0,1.0,1.0,90,0.4575622081756592
2,51234.89893321454,6864,Deflate = 1 AND filterOff = 1,Deflate AND filterOff,0,1.0,1.0,1.0,90,0.5093281269073486
3,41875.0874759253,3432,PPMd = 1 AND mtOff = 1 AND tmOff = 1,PPMd AND tmOff AND mtOff,0,1.0,1.0,1.0,90,0.4142816066741943
4,21998.449788139234,4290,HeaderCompressionOff = 1 AND filterOff = 1 AND mtOff = 1 AND tmOff = 1,HeaderCompressionOff AND tmOff AND mtOff AND filterOff,0,1.0,1.0,1.0,90,0.4347853660583496
1,57021.20601850789,13728,LZMA2 = 1,LZMA2,0,1.0,1.0,1.0,91,0.4672541618347168
2,18510.386081654982,17160,filterOff = 1 AND mtOff = 1,mtOff AND filterOff,0,1.0,1.0,1.0,91,0.5043237209320068
3,37966.21548376919,3432,LZMA = 1 AND filterOff = 1 AND mtOff = 1,LZMA AND filterOff AND mtOff,0,1.0,1.0,1.0,91,0.4057857990264892
4,53426.128719312816,4290,HeaderCompressionOff = 1 AND filterOff = 1 AND mtOff = 1 AND tmOff = 1,mtOff AND filterOff AND tmOff AND HeaderCompressionOff,0,1.0,1.0,1.0,91,0.4316704273223877
1,13740.221699643822,11440,x = 6,x > 5.0 AND x <= 7.0,0,1.0,1.0,1.0,92,0.4619567394256592
2,7675.779349842258,17160,mtOff = 1 AND tmOff = 1,tmOff AND mtOff,0,1.0,1.0,1.0,92,0.500648021697998
3,6111.220129189689,3432,Deflate = 1 AND mtOff = 1 AND tmOff = 1,Deflate AND tmOff AND mtOff,0,1.0,1.0,1.0,92,0.4164941310882568
4,6762.078742986249,4290,HeaderCompressionOff = 1 AND filterOff = 1 AND mtOff = 1 AND tmOff = 1,tmOff AND filterOff AND HeaderCompressionOff AND mtOff,0,1.0,1.0,1.0,92,0.4331247806549072
1,33454.89249456843,13728,PPMd = 1,PPMd,0,1.0,1.0,1.0,93,0.4596505165100097
2,52913.65011274968,6864,LZMA2 = 1 AND tmOff = 1,LZMA2 AND tmOff,0,1.0,1.0,1.0,93,0.5200724601745605
3,49596.60755956966,3432,HeaderCompressionOff = 1 AND LZMA2 = 1 AND tmOff = 1,LZMA2 AND tmOff AND HeaderCompressionOff,0,1.0,1.0,1.0,93,0.4139986038208008
4,50366.414224180255,4290,HeaderCompressionOff = 1 AND filterOff = 1 AND mtOff = 1 AND tmOff = 1,filterOff AND HeaderCompressionOff AND mtOff AND tmOff,0,1.0,1.0,1.0,93,0.4441871643066406
1,32564.818225235576,13728,PPMd = 1,PPMd,0,1.0,1.0,1.0,94,0.4721388816833496
2,49289.60455757691,6864,Deflate = 1 AND tmOff = 1,Deflate AND tmOff,0,1.0,1.0,1.0,94,0.5061492919921875
3,36207.17878675852,8580,HeaderCompressionOff = 1 AND mtOff = 1 AND tmOff = 1,tmOff AND mtOff AND HeaderCompressionOff,0,1.0,1.0,1.0,94,0.4135370254516601
4,54737.26036545072,4290,HeaderCompressionOff = 1 AND filterOff = 1 AND mtOff = 1 AND tmOff = 1,HeaderCompressionOff AND filterOff AND mtOff AND tmOff,0,1.0,1.0,1.0,94,0.4416630268096924
1,20863.41889022333,11440,x = 6,x > 5.0 AND x <= 7.0,0,1.0,1.0,1.0,95,0.4681518077850342
2,6505.3121540519405,17160,HeaderCompressionOff = 1 AND tmOff = 1,tmOff AND HeaderCompressionOff,0,1.0,1.0,1.0,95,0.5255823135375977
3,13521.532598543472,3432,BZip2 = 1 AND mtOff = 1 AND tmOff = 1,BZip2 AND tmOff AND mtOff,0,1.0,1.0,1.0,95,0.4379026889801025
4,50642.28120277186,4290,HeaderCompressionOff = 1 AND filterOff = 1 AND mtOff = 1 AND tmOff = 1,filterOff AND tmOff AND mtOff AND HeaderCompressionOff,0,1.0,1.0,1.0,95,0.452538251876831
1,41235.24973733957,13728,BZip2 = 1,BZip2,0,1.0,1.0,1.0,96,0.4702649116516113
2,50016.17569445122,6864,LZMA2 = 1 AND tmOff = 1,LZMA2 AND tmOff,0,1.0,1.0,1.0,96,0.5124907493591309
3,20446.91917241245,3432,LZMA = 1 AND filterOff = 1 AND tmOff = 1,LZMA AND tmOff AND filterOff,0,1.0,1.0,1.0,96,0.4449136257171631
4,51389.894599454834,4290,HeaderCompressionOff = 1 AND filterOff = 1 AND mtOff = 1 AND tmOff = 1,tmOff AND HeaderCompressionOff AND mtOff AND filterOff,0,1.0,1.0,1.0,96,0.4589521884918213
1,51640.43699846296,13728,LZMA2 = 1,LZMA2,0,1.0,1.0,1.0,97,0.4624006748199463
2,33495.93705570114,6864,LZMA2 = 1 AND tmOff = 1,LZMA2 AND tmOff,0,1.0,1.0,1.0,97,0.5206971168518066
3,35523.19296083645,8580,HeaderCompressionOff = 1 AND filterOff = 1 AND tmOff = 1,HeaderCompressionOff AND filterOff AND tmOff,0,1.0,1.0,1.0,97,0.429387092590332
4,10374.504021629906,4290,HeaderCompressionOff = 1 AND filterOff = 1 AND mtOff = 1 AND tmOff = 1,mtOff AND tmOff AND filterOff AND HeaderCompressionOff,0,1.0,1.0,1.0,97,0.4453046321868896
1,54054.56116442487,13728,BZip2 = 1,BZip2,0,1.0,1.0,1.0,98,0.4594814777374267
2,61415.56392518535,6864,HeaderCompressionOff = 1 AND LZMA = 1,LZMA AND HeaderCompressionOff,0,1.0,1.0,1.0,98,0.5208780765533447
3,61542.25400628134,3432,HeaderCompressionOff = 1 AND LZMA = 1 AND mtOff = 1,LZMA AND HeaderCompressionOff AND mtOff,0,1.0,1.0,1.0,98,0.4244203567504883
4,16570.120708178878,4290,HeaderCompressionOff = 1 AND filterOff = 1 AND mtOff = 1 AND tmOff = 1,mtOff AND filterOff AND tmOff AND HeaderCompressionOff,0,1.0,1.0,1.0,98,0.4380760192871094
1,21241.002472495744,13728,BZip2 = 1,BZip2,0,1.0,1.0,1.0,99,0.4579222202301025
2,22265.94600382828,17160,HeaderCompressionOff = 1 AND mtOff = 1,mtOff AND HeaderCompressionOff,0,1.0,1.0,1.0,99,0.5137536525726318
3,45167.078951545926,3432,BZip2 = 1 AND filterOff = 1 AND mtOff = 1,BZip2 AND mtOff AND filterOff,0,1.0,1.0,1.0,99,0.4365553855895996
4,38531.124850064334,4290,HeaderCompressionOff = 1 AND filterOff = 1 AND mtOff = 1 AND tmOff = 1,tmOff AND filterOff AND HeaderCompressionOff AND mtOff,0,1.0,1.0,1.0,99,0.4570446014404297
